http://WashingtonDC.craigslist.org/mld/app/4356164063.html,Portable Washing Machine and Dryer,38.998200,-77.033800,mld
http://WashingtonDC.craigslist.org/doc/bik/4349065768.html,1965 - 48cm ladies Hercules 3spd - rack  new tires  chrome fenders  ,38.815770,-77.052612,doc
http://WashingtonDC.craigslist.org/nva/jwl/4356164005.html,silver Roman glass pendant and chain,38.770700,-77.449400,nva
http://WashingtonDC.craigslist.org/nva/fuo/4335588709.html,Elegant Patio Set w/2+2 swivel chairs and umbrella,38.845800,-77.324200,nva
http://WashingtonDC.craigslist.org/mld/bab/4356163855.html,White wood / glass storage cabinet,0,0,mld
http://WashingtonDC.craigslist.org/nva/fuo/4335595612.html,Beautiful Porch Swing loveseat for Patio,0,0,nva
http://WashingtonDC.craigslist.org/nva/ele/4356153287.html,90's model OEM GM/Chrysler Car Stereo - New in BOX,38.719200,-77.107300,nva
http://WashingtonDC.craigslist.org/nva/msg/4356163657.html,Epiphone Dot Deluxe Archtop Electric Guitar with Gold Hardware,38.676000,-77.316300,nva
http://WashingtonDC.craigslist.org/nva/jwl/4356163445.html,pendant Roman Glass ,38.770700,-77.449400,nva
http://WashingtonDC.craigslist.org/nva/fuo/4335598077.html,Excellent condition Armoire,38.845800,-77.324200,nva
http://WashingtonDC.craigslist.org/mld/for/4356150409.html,Plush Carpet and Paddding - Brand New - Neutral Beige Color - $125 OBO,39.053185,-76.949100,mld
http://WashingtonDC.craigslist.org/nva/msg/4351509507.html,BABY GRAND PIANO like NEW!! (move&tune included),38.819500,-77.455800,nva
http://WashingtonDC.craigslist.org/nva/hsh/4356163315.html,Mikasa Fine China 90-piece service for 12,38.681600,-77.260500,nva
http://WashingtonDC.craigslist.org/nva/pho/4356163192.html, Sony VX1000 3-Head MiniDV Camcorder - For Parts,38.819500,-77.455800,nva
http://WashingtonDC.craigslist.org/nva/bab/4337115174.html,Kidkraft Wooden Workbench w/Tools ,0,0,nva
http://WashingtonDC.craigslist.org/nva/mob/4331916137.html,Brand New Sony Xperia Z Ultra 6833 LTE - unlocked!,0,0,nva
http://WashingtonDC.craigslist.org/nva/msd/4348779209.html,We buy your piano!,38.835128,-77.454429,nva
http://WashingtonDC.craigslist.org/nva/for/4332815024.html,Dresser Top Valet,0,0,nva
http://WashingtonDC.craigslist.org/nva/jwl/4356162869.html,citrine  diamond white gold ring,38.770700,-77.449400,nva
http://WashingtonDC.craigslist.org/mld/art/4356162717.html,stained glass starburst,39.039652,-76.995192,mld
http://WashingtonDC.craigslist.org/nva/ele/4356162704.html,Vintage matched set - Adcom Amp & Preamp/Tuner,38.819500,-77.455800,nva
http://WashingtonDC.craigslist.org/nva/tix/4328139501.html,Capitals vs Boston Bruins - Two Tickets Fifth Row Center Ice UL 3/29,0,0,nva
http://WashingtonDC.craigslist.org/nva/pts/4318836426.html,SUBWOOFER  FOR SALE!!,0,0,nva
http://WashingtonDC.craigslist.org/nva/cto/4356139144.html,2005 Subaru Impreza WRX STI Fully Built ,38.830700,-77.214200,nva
http://WashingtonDC.craigslist.org/mld/ele/4356162477.html,Entertainment Center ,0,0,mld
http://WashingtonDC.craigslist.org/nva/clt/4326816480.html,Rolling Stones Records - Vinyl Record Album,38.299500,-77.477200,nva
http://WashingtonDC.craigslist.org/nva/clt/4326809321.html,Beatles Records - Vinyl Record Album,38.299500,-77.477200,nva
http://WashingtonDC.craigslist.org/nva/art/4356162236.html,Fufu Bowl ,0,0,nva
http://WashingtonDC.craigslist.org/nva/ele/4332648137.html,RTR  Series III  Speakers,38.299500,-77.477200,nva
http://WashingtonDC.craigslist.org/nva/for/4356158436.html,Car Cover-SUV,38.806000,-77.052900,nva
http://WashingtonDC.craigslist.org/mld/fuo/4326333678.html,Kitchen table and 4 arm chair with wheels,39.070912,-76.977081,mld
http://WashingtonDC.craigslist.org/nva/pts/4356158399.html,2005 Escalade headrests pewter gray,0,0,nva
http://WashingtonDC.craigslist.org/mld/bab/4348026721.html,New pink baptismal frame,0,0,mld
http://WashingtonDC.craigslist.org/mld/tag/4335737987.html,Stone Oynx Chess Set,39.063449,-76.972790,mld
http://WashingtonDC.craigslist.org/mld/cto/4343736360.html,2004 Toyota Sequia Limited,0,0,mld
http://WashingtonDC.craigslist.org/nva/zip/4356158233.html,Kids Table and Chairs,0,0,nva
http://WashingtonDC.craigslist.org/nva/bab/4356158163.html,Kids Cowboy /Cowgirl Hats,38.815700,-77.621600,nva
http://WashingtonDC.craigslist.org/nva/ele/4356158115.html,Yamaha Receiver,0,0,nva
http://WashingtonDC.craigslist.org/mld/grd/4356157997.html,Free Roosters,39.233500,-77.145800,mld
http://WashingtonDC.craigslist.org/nva/cto/4345049545.html,BEAUTIFUL SCION TC 2005 (75K) MANUAL,38.779400,-77.119400,nva
http://WashingtonDC.craigslist.org/nva/fuo/4356157928.html,Reduced!!! Arts & Crafts Style Expandable Dining Set,38.856500,-77.059200,nva
http://WashingtonDC.craigslist.org/nva/mob/4356157814.html,PowerSkin Battery Case for  Samsung Galaxy S III  Black ,38.819500,-77.455800,nva
http://WashingtonDC.craigslist.org/nva/for/4356157751.html,Chair Pads,38.806000,-77.052900,nva
http://WashingtonDC.craigslist.org/mld/fuo/4349428845.html,Spring Box Queen size,38.950600,-76.934700,mld
http://WashingtonDC.craigslist.org/doc/tix/4343040828.html,Wiz v. BOBCATS Mar 12 (BEHIND VISITORS BENCH VIP FLOOR all-inclusive),0,0,doc
http://WashingtonDC.craigslist.org/doc/fuo/4356157442.html,Carpet / Rug ,38.914400,-77.074000,doc
http://WashingtonDC.craigslist.org/nva/cto/4356157417.html,Honda CR-V,0,0,nva
http://WashingtonDC.craigslist.org/nva/tix/4356157363.html,Two Tickets for Uhh Yeah Dude UYD at 930 Club on 3/8,38.883600,-77.139500,nva
http://WashingtonDC.craigslist.org/doc/fud/4314185259.html,Black Oak Cherry 3 panel room divider / particians $49.99,0,0,doc
http://WashingtonDC.craigslist.org/doc/fud/4335679334.html,FULL PLUSH MATTRESS + BOX SPRING! FACTORY BLOW OUT!,0,0,doc
http://WashingtonDC.craigslist.org/doc/fud/4335679617.html,FACTORY LIQUIDATION!! MATTRESS WITH FREE BOX SPRING!,0,0,doc
http://WashingtonDC.craigslist.org/doc/fud/4335687670.html,2 PC QUEEN MATTRESS $100 WITH FREE BOX!,0,0,doc
http://WashingtonDC.craigslist.org/nva/fud/4340830268.html,Fine Leather Power Recliners for your Home Theater! $1399,38.803287,-77.120753,nva
http://WashingtonDC.craigslist.org/doc/tix/4337354389.html,(2) Tickets Washington Capitals Games,38.893000,-77.026300,doc
http://WashingtonDC.craigslist.org/nva/fuo/4345417248.html,Stained Glass and Beadboard Queen\Full Headboard,0,0,nva
http://WashingtonDC.craigslist.org/doc/fud/4337121821.html,(NEW) Mallory Sectionals* Two Toned* Micro Fiber*(Boxed) $549,38.803395,-77.119424,doc
http://WashingtonDC.craigslist.org/nva/hsh/4356157064.html,Unique fish flatware,0,0,nva
http://WashingtonDC.craigslist.org/nva/hsh/4356156938.html,Martini Glasses Set of 12,38.820000,-77.058900,nva
http://WashingtonDC.craigslist.org/doc/fud/4350557504.html,3 PC KING SEMI FIRM MATTRESS WITH BOX! $189 SEALED*,0,0,doc
http://WashingtonDC.craigslist.org/nva/spo/4349847345.html,Brand new columbia sportswear ski pants  size 7/8  waterproof pink,38.897700,-77.288000,nva
http://WashingtonDC.craigslist.org/nva/cto/4350718392.html,Dodge Durabgo 99 4x4,38.770700,-77.449400,nva
http://WashingtonDC.craigslist.org/nva/fuo/4356104358.html,Sofa and Loveseat,38.629662,-77.413981,nva
http://WashingtonDC.craigslist.org/nva/hsh/4356155555.html,Daiquiri Glasses Set of 8,38.820000,-77.058900,nva
http://WashingtonDC.craigslist.org/doc/fud/4314189736.html,Metal Bunkbed Twin Twin Frame New in Box 3 Colors Avaialble $149.99,0,0,doc
http://WashingtonDC.craigslist.org/doc/fuo/4356155207.html,Watercolor Painting,38.914400,-77.074000,doc
http://WashingtonDC.craigslist.org/nva/for/4356155184.html,up-cycled teal end tables,38.850200,-77.144800,nva
http://WashingtonDC.craigslist.org/mld/for/4356155152.html,* * * Artificial Ficus 6-6.5' Tree * * *,39.150431,-77.175007,mld
http://WashingtonDC.craigslist.org/nva/app/4356103724.html,Kitchen Aid Essemble dryer,38.629745,-77.414067,nva
http://WashingtonDC.craigslist.org/nva/hsh/4315966472.html,3 LIGHT BRUSHED BRONZE LIGHT FIXTURE,38.643800,-77.345100,nva
http://WashingtonDC.craigslist.org/nva/fuo/4315963810.html,SOLID WOOD & LEATHER BAR STOOLS,0,0,nva
http://WashingtonDC.craigslist.org/nva/msg/4356154832.html,The Fender Frontman 212R Guitar Combo Amp,38.676000,-77.316300,nva
http://WashingtonDC.craigslist.org/doc/hsh/4320111287.html,Beautiful Matelasse Bedspread with Two Shams - King Size,0,0,doc
http://WashingtonDC.craigslist.org/nva/hsh/4315981025.html,BEAUTIFUL BRUSHED BRONZE 6 LIGHT CHANDELIER,0,0,nva
http://WashingtonDC.craigslist.org/nva/mcy/4356091439.html,Kawasaki Ninja zx6r 2005 beautiful RARE FAST ELEGANT ,0,0,nva
http://WashingtonDC.craigslist.org/nva/tag/4356154637.html,Pretend Play Doctor Kits,38.815700,-77.621600,nva
http://WashingtonDC.craigslist.org/nva/clo/4315044960.html,"Brand New In Box Never Worn JORDAN IV ""BRED"" 2012 (size 12) ",0,0,nva
http://WashingtonDC.craigslist.org/nva/clo/4334471913.html,Brand New In Box Never Worn NIKE retro JORDAN VI INFRARED size 12,0,0,nva
http://WashingtonDC.craigslist.org/nva/clo/4315040404.html,"Brand New In Box Never Worn Air Jordan 3LAB5 ""Infrared 23″ (Size 12)",0,0,nva
http://WashingtonDC.craigslist.org/nva/clo/4315041788.html,"Brand New In Box Never Worn NIKE retro JORDAN V ""LANEY"" 2013 (size 12)",0,0,nva
http://WashingtonDC.craigslist.org/nva/for/4327095092.html,Lake Gaston Vacation Home ,0,0,nva
http://WashingtonDC.craigslist.org/mld/hab/4356154391.html,* * * Walker/Rollator - heavy duty/adj. height/brakes * * * ,39.150531,-77.175007,mld
http://WashingtonDC.craigslist.org/nva/clo/4356154305.html,***Redskins Down-Filled Coat - Pro-Players - Mens Large ***,38.719200,-77.107300,nva
http://WashingtonDC.craigslist.org/nva/spo/4356154163.html,Men's Custom Vogel Field Riding Boots,0,0,nva
http://WashingtonDC.craigslist.org/mld/bab/4356154156.html,Wood Rocking Chair,0,0,mld
http://WashingtonDC.craigslist.org/doc/fud/4335673683.html,SUPER SALE! TWIN MATTRESS FIRM WITH BOX SPRING $80,0,0,doc
http://WashingtonDC.craigslist.org/doc/fud/4314190184.html,Brand new Metal Bunk Twin/Twin Bed Frame only $149.99 ,0,0,doc
http://WashingtonDC.craigslist.org/doc/fud/4350540724.html,QUEEN SIZE MATTRESS WITH BOX SPRING $99.99 IN PLASTIC!,0,0,doc
http://WashingtonDC.craigslist.org/doc/fud/4314173131.html,Round Green or White Solid Marble Plant Stand new in box $30,0,0,doc
http://WashingtonDC.craigslist.org/doc/fud/4322875714.html,TWIN SIZE MATTRESS WITH BOX SPRING $80 BLOW OUT SALE.,0,0,doc
http://WashingtonDC.craigslist.org/mld/fuo/4356147443.html,This End Up desk and chair,39.263700,-77.273600,mld
http://WashingtonDC.craigslist.org/doc/pho/4356142273.html,Canon PowerShot 12.1MP Digital Camera in a box,38.856500,-77.059200,doc
http://WashingtonDC.craigslist.org/nva/cto/4356126202.html,2007 ACURA TL 4DRS.,38.814900,-77.121000,nva
http://WashingtonDC.craigslist.org/mld/ele/4356147370.html,TIVO HD,0,0,mld
http://WashingtonDC.craigslist.org/nva/pts/4356147356.html,"Sentrek 4""x10"" car or truck speakers - NEW ",38.721747,-77.117093,nva
http://WashingtonDC.craigslist.org/nva/bab/4356147346.html,Geotrax Timbertown Railway,38.815252,-77.612293,nva
http://WashingtonDC.craigslist.org/nva/art/4356147272.html,African Leather Photo Album from Kenya,38.832000,-77.120000,nva
http://WashingtonDC.craigslist.org/nva/bab/4356147077.html,GAP Boys 3-in-1 Winter Coat Sz 3,0,0,nva
http://WashingtonDC.craigslist.org/nva/fud/4356120259.html,Completely New Ashley Microfiber Loveseat and Sofa With Warranty,0,0,nva
http://WashingtonDC.craigslist.org/nva/app/4348863015.html,Refrigerator  stove  range hood  dishwasher  kitchen appliances,0,0,nva
http://WashingtonDC.craigslist.org/nva/clo/4323701145.html,Black Raincoat Size 40S w/ liner,0,0,nva
http://WashingtonDC.craigslist.org/doc/wan/4356146768.html,wanted free piano in good condition,39.325799,-77.187538,doc
http://WashingtonDC.craigslist.org/nva/art/4356146688.html,Fang Mask,38.832000,-77.120000,nva
http://WashingtonDC.craigslist.org/mld/cto/4356126383.html,1965-Up Fastback Mustang Wanted Any Condition $$$ Buyer,0,0,mld
http://WashingtonDC.craigslist.org/nva/clo/4323705450.html,Tommy Hilfiger Turtleneck Shirts,0,0,nva
http://WashingtonDC.craigslist.org/nva/bab/4356146342.html,Kids Plates  Cups and More!! Over 60 pcs,38.815700,-77.621600,nva
http://WashingtonDC.craigslist.org/nva/spo/4356146266.html,Goalie Gear,38.666500,-77.424800,nva
http://WashingtonDC.craigslist.org/nva/hsh/4325865915.html,Black Floor Lamp Gold Trim 3 step light,0,0,nva
http://WashingtonDC.craigslist.org/nva/fuo/4327816615.html,Beautiful Dining Room Set,38.815700,-77.621600,nva
http://WashingtonDC.craigslist.org/mld/fuo/4339448420.html,Midcentury Tufted Tub Swivel Chair Pair,0,0,mld
http://WashingtonDC.craigslist.org/nva/art/4356146152.html,Metal Heron Set,38.832000,-77.120000,nva
http://WashingtonDC.craigslist.org/mld/jwl/4356146134.html,Swarovski Hello Kitty Large Pendant Necklace,39.142051,-77.194732,mld
http://WashingtonDC.craigslist.org/mld/fuo/4356142708.html,RED HERMAN MILLER CHADWICK SOFA (Sale / Trade) ,39.084000,-77.061300,mld
http://WashingtonDC.craigslist.org/nva/for/4327746878.html,30 Gallon Aquarium with Cabinet Stand,38.815700,-77.621600,nva
http://WashingtonDC.craigslist.org/nva/atq/4323628409.html,Singer Sewing Machine with Stand,0,0,nva
http://WashingtonDC.craigslist.org/nva/clo/4356145877.html,Burgandy Formal Bridesmail Dress w/shoes,38.815700,-77.621600,nva
http://WashingtonDC.craigslist.org/mld/hsh/4356145878.html,Wall decor for girls room,0,0,mld
http://WashingtonDC.craigslist.org/nva/pts/4356106732.html,Hospital bed trapeze - pull bar,38.629812,-77.413960,nva
http://WashingtonDC.craigslist.org/nva/bab/4356145747.html,Girls Plaid Gymboree Jacket Sz 5/6,0,0,nva
http://WashingtonDC.craigslist.org/nva/for/4356124128.html,TEC G-Sport Infrared BBQ Grill,38.893500,-77.253200,nva
http://WashingtonDC.craigslist.org/nva/hsh/4346322356.html,Blue Mountain Pottery Ceramic Fish,0,0,nva
http://WashingtonDC.craigslist.org/nva/tix/4315738731.html,2 Tickets for Avicii in SOLD OUT Pit Area,0,0,nva
http://WashingtonDC.craigslist.org/nva/tls/4337514394.html,Used Toolbox & Hutch,38.976759,-77.409153,nva
http://WashingtonDC.craigslist.org/doc/pts/4356132867.html,Locking Hardtop for Ford Explorer Sportrac,38.990700,-78.974500,doc
http://WashingtonDC.craigslist.org/nva/tag/4356141690.html,7 different games,38.856500,-77.059200,nva
http://WashingtonDC.craigslist.org/nva/pts/4353042528.html,Honda Odyssey Factory Floor Mats,0,0,nva
http://WashingtonDC.craigslist.org/nva/spo/4356141585.html,Hockey Equipment for Sale,38.931800,-77.352700,nva
http://WashingtonDC.craigslist.org/mld/fuo/4356141536.html,Girls bookshelf,39.112500,-77.251500,mld
http://WashingtonDC.craigslist.org/nva/grq/4319934529.html,OAK FIREWOOD CAR TRUNK$22*1/4 CORD SUV$45*1/2MINI VAN  TRUCK$90 CORD,0,0,nva
http://WashingtonDC.craigslist.org/mld/pts/4356132447.html,1999 lexus gs300 complete trunk door gold emblem,39.141900,-77.189000,mld
http://WashingtonDC.craigslist.org/nva/for/4356141333.html,Damask Gold Table Runners ,0,0,nva
http://WashingtonDC.craigslist.org/mld/for/4356141269.html,">""Cake Stand"" Cinderella Carriage ",39.088700,-77.095000,mld
http://WashingtonDC.craigslist.org/mld/grq/4325483939.html,*FIREWOOD NORMAL CAR TRUNK HICKORY  OR PEAR $40*OAK $22*POPLAR,0,0,mld
http://WashingtonDC.craigslist.org/nva/atq/4316903204.html,Canada Dry Pop Soda Wooden Crate Box Antique,38.614825,-77.321885,nva
http://WashingtonDC.craigslist.org/nva/mob/4356110176.html,iPhone 5 works with any sim,0,0,nva
http://WashingtonDC.craigslist.org/mld/grq/4324367244.html,FIREWOOD HICKORY*  NORMAL CAR TRUNK $40*RED OAK  CAR TRUNK ,0,0,mld
http://WashingtonDC.craigslist.org/nva/clo/4356089554.html,Mens/Neiman&Marcus leather Jacket/Ralp Lauren Ski Jackets/Adidas/Exc/,38.903300,-77.126300,nva
http://WashingtonDC.craigslist.org/doc/bik/4313533369.html,Diamondback Sorrento,0,0,doc
http://WashingtonDC.craigslist.org/nva/for/4313447599.html,Pool supplies  chemicals  raft  vacuum  pump  filters sand shock sweep,38.614993,-77.321777,nva
http://WashingtonDC.craigslist.org/mld/fuo/4356140835.html,Black Desk / Black Table w/Silver Legs,38.985996,-76.991966,mld
http://WashingtonDC.craigslist.org/doc/grq/4325513941.html, FIREWOOD ALL OAK CAR  $22*1/4 CORD SUV $45*1/2 CORD TRUCK   MINI VAN ,0,0,doc
http://WashingtonDC.craigslist.org/nva/tix/4356140752.html,Caps vs Flyer 03/02 MUST SELL!,0,0,nva
http://WashingtonDC.craigslist.org/mld/clo/4356140685.html,"DS Kobe Elite 9 ""inspiration"" 100% authentic size 11.5 ",39.084000,-77.061300,mld
http://WashingtonDC.craigslist.org/nva/for/4322958346.html,Cold XS Restore Sports Energy Drinks Amway  ,0,0,nva
http://WashingtonDC.craigslist.org/mld/zip/4356140634.html,Medela Pump in Style Breastpump,39.019050,-77.049007,mld
http://WashingtonDC.craigslist.org/nva/fod/4356116150.html,*** Excellent Condition *** Weslo Pro CTX Exercise Bike,0,0,nva
http://WashingtonDC.craigslist.org/doc/fuo/4356140593.html,Moving Sale-Dinner Table  Chairs  Book Case  TV Stand  Coffee Table,0,0,doc
http://WashingtonDC.craigslist.org/mld/cto/4356140560.html,2004 Ford Ranger Edge 3.0 Regular Cab2wd,39.107700,-76.872000,mld
http://WashingtonDC.craigslist.org/doc/bab/4356136477.html,9 pieces boy 4T summer clothing,0,0,doc
http://WashingtonDC.craigslist.org/mld/sys/4347773929.html,Apple Magic Mouse- Brand New in Box,38.988500,-76.791000,mld
http://WashingtonDC.craigslist.org/nva/spo/4351434314.html,Lacrosse Goalie Equipment and Bag,0,0,nva
http://WashingtonDC.craigslist.org/mld/ele/4356136427.html,REDUCED: Genuine Canon BCI-6 Ink Cartridges for Canon Inkjet Printers,39.177582,-76.884212,mld
http://WashingtonDC.craigslist.org/nva/bik/4349113738.html,SCHWINN CHROME PARAMOUNT = LOWER PRICE,39.875700,-75.921400,nva
http://WashingtonDC.craigslist.org/nva/art/4356136375.html,Leather Mask -- Triple Face	   ,0,0,nva
http://WashingtonDC.craigslist.org/mld/clt/4356136326.html,Camp Site Stool  Vintage. Folding Chair  ,0,0,mld
http://WashingtonDC.craigslist.org/mld/fuo/4347852918.html, Leather Chairs,38.978000,-77.082000,mld
http://WashingtonDC.craigslist.org/nva/art/4356136081.html,Fertility Dolls Tapestry,0,0,nva
http://WashingtonDC.craigslist.org/doc/ele/4356136069.html,16gb Black iPad Air,0,0,doc
http://WashingtonDC.craigslist.org/mld/fuo/4356135984.html,Entertainment Cabinet,39.178647,-76.884899,mld
http://WashingtonDC.craigslist.org/nva/spo/4356135979.html,Ski Helmets,0,0,nva
http://WashingtonDC.craigslist.org/nva/for/4356135982.html,FAN Industrial Heavy Duty Shop Fan,38.983767,-77.318397,nva
http://WashingtonDC.craigslist.org/doc/grd/4349064315.html,tire chains for cars,0,0,doc
http://WashingtonDC.craigslist.org/doc/fuo/4346190244.html,Dresser,38.978000,-77.082000,doc
http://WashingtonDC.craigslist.org/nva/sys/4356135804.html,Macbook Pro + Software + Carry Bag,38.832000,-77.120000,nva
http://WashingtonDC.craigslist.org/mld/for/4328481784.html,Bathroom Tiles,39.233500,-77.145800,mld
http://WashingtonDC.craigslist.org/nva/cto/4356014279.html,Up to $700 for u junk car call me ,38.899400,-77.189500,nva
http://WashingtonDC.craigslist.org/nva/mob/4356135274.html,Iphone 5 sprint 64gb selling below is scam (BEWARE),0,0,nva
http://WashingtonDC.craigslist.org/mld/sys/4356135249.html,HP (Compaq) DC5800 Computer,39.193298,-77.248687,mld
http://WashingtonDC.craigslist.org/nva/mcy/4356075028.html,Kawasaki Ninja zx6r 2005 beautiful RARE FAST ELEGANT ,0,0,nva
http://WashingtonDC.craigslist.org/doc/cto/4349060353.html,2006 toyota tacoma 4x4. 4cyl manual ,0,0,doc
http://WashingtonDC.craigslist.org/nva/clo/4356135128.html,G-Shock Limited (Shocking Yellow) GDX6930E-9,38.826235,-77.315726,nva
http://WashingtonDC.craigslist.org/nva/fuo/4356135084.html,IKEA Malm 2 Drawer Night Stands (2 Available),38.809032,-77.089176,nva
http://WashingtonDC.craigslist.org/doc/tix/4356135007.html,Ellie Goulding at Echostage on March 16th,38.927700,-76.976200,doc
http://WashingtonDC.craigslist.org/nva/mob/4356134993.html,Iphone 5 sprint 64gb selling below is scam (BEWARE),0,0,nva
http://WashingtonDC.craigslist.org/mld/fuo/4356134857.html,2-drawer locking file cabinet,38.956752,-76.738442,mld
http://WashingtonDC.craigslist.org/nva/mob/4356134764.html,Iphone 5 sprint 64gb selling below is scam (BEWARE),0,0,nva
http://WashingtonDC.craigslist.org/mld/clo/4344961076.html,DS Jordan X powder blue 100% authentic size 11,38.936580,-76.907043,mld
http://WashingtonDC.craigslist.org/nva/clt/4324243486.html,Wonder Bread Rack,39.023000,-77.399400,nva
http://WashingtonDC.craigslist.org/doc/ctd/4356133547.html,2006 Ford F-150 XLT Free Carfax-Great Vehicles,38.865000,-77.276000,doc
http://WashingtonDC.craigslist.org/nva/clt/4324246025.html,Sorelle Butterfly Bowl,39.023000,-77.399400,nva
http://WashingtonDC.craigslist.org/mld/cto/4356121558.html,~ ~ 2003 PONTIAC SUNFIRE SE (4-CYL),0,0,mld
http://WashingtonDC.craigslist.org/nva/hsh/4324246955.html,KONGE-TINN Pewter Butter Knife,39.023000,-77.399400,nva
http://WashingtonDC.craigslist.org/nva/clt/4324247649.html,Budweiser Steins,39.023000,-77.399400,nva
http://WashingtonDC.craigslist.org/nva/clt/4324248322.html,1949 Olympia Manual Typewriter,39.023000,-77.399400,nva
http://WashingtonDC.craigslist.org/nva/clt/4324248862.html,Gerald Henn Baskets,0,0,nva
http://WashingtonDC.craigslist.org/nva/hsh/4324244012.html,Gerald Henn Spongeware - Blue  Rose  Green  Cranberry,39.023000,-77.399400,nva
http://WashingtonDC.craigslist.org/mld/fuo/4356132774.html,Dining Room Ensemble (8 pieces),39.076200,-76.699600,mld
http://WashingtonDC.craigslist.org/nva/cto/4356127869.html,79 lincoln for sale or trade,38.819100,-77.148400,nva
http://WashingtonDC.craigslist.org/nva/bab/4339731876.html,NEW Infantino Triple Comfort Rider,39.014200,-77.528500,nva
http://WashingtonDC.craigslist.org/doc/tix/4335341260.html,FRONT ROW ACELA CLUB LEVEL WASHINGTON CAPITALS TICKETS CAPS SHOOT 2x,38.897446,-77.020769,doc
http://WashingtonDC.craigslist.org/nva/cto/4351094132.html,1998 Dodge Caravan - 148 357 orig. miles,39.143600,-77.734200,nva
http://WashingtonDC.craigslist.org/nva/cto/4356034187.html,Unwanted cars  ,38.899400,-77.189500,nva
http://WashingtonDC.craigslist.org/mld/ele/4356132061.html,Battery back-up for Technicolor TC8305C Gateway Modem,39.161546,-77.079821,mld
http://WashingtonDC.craigslist.org/nva/hsh/4356132035.html,Washington Redskins Floor Lamp,0,0,nva
http://WashingtonDC.craigslist.org/nva/clo/4347175656.html,Maternity clothes-32 items-GREAT condition,39.014200,-77.528500,nva
http://WashingtonDC.craigslist.org/mld/pts/4349260893.html,Brand New Transfere Case,0,0,mld
http://WashingtonDC.craigslist.org/nva/bab/4347184199.html,GRACO SnugRide Stroller/Car seat,39.014200,-77.528500,nva
http://WashingtonDC.craigslist.org/nva/bab/4347193721.html,BRIGHT STARTS INGENUITY CRADLE & SWAY SWING ,39.014200,-77.528500,nva
http://WashingtonDC.craigslist.org/nva/hab/4339728661.html,Wellbox Lipo Massage Machine,39.014200,-77.528500,nva
http://WashingtonDC.craigslist.org/mld/spo/4356123631.html,Pistol Grip for Mossberg Shotgun 590 590A1,39.064781,-77.057247,mld
http://WashingtonDC.craigslist.org/mld/for/4326016476.html,Ikea Store Credit,39.087000,-77.168000,mld
http://WashingtonDC.craigslist.org/nva/art/4356131597.html,Wood Mosaic -- Nursing Mother,0,0,nva
http://WashingtonDC.craigslist.org/nva/tls/4356118936.html,EDGER (BLACK AND DECKER),39.623144,-77.690849,nva
http://WashingtonDC.craigslist.org/nva/fud/4356083064.html,MUST SELL! Complete Coffee Bed Set - DON'T MISS!!,0,0,nva
http://WashingtonDC.craigslist.org/nva/bab/4348683592.html,Baby bibs - 17 Good condition ,39.014200,-77.528500,nva
http://WashingtonDC.craigslist.org/nva/bab/4348688707.html,Swaddle/burp clothes - Good condition,39.014200,-77.528500,nva
http://WashingtonDC.craigslist.org/mld/pts/4347253635.html,2008-2010 Ford F250 super duty front end rear and parts,0,0,mld
http://WashingtonDC.craigslist.org/doc/hsd/4356092377.html,Kitchen and Bath Sinks By Pelican Stainless Porcelain Free Shipping!,38.902400,-76.990100,doc
http://WashingtonDC.craigslist.org/mld/fud/4340299600.html,All wood  Wide selection kitchen cabinet ,0,0,mld
http://WashingtonDC.craigslist.org/mld/fuo/4345503243.html,Cloisonné Lamps,39.009580,-77.020769,mld
http://WashingtonDC.craigslist.org/nva/sys/4356118143.html,ACER ASPIRE TOUCHCREEN LAPTOP,39.023000,-77.399400,nva
http://WashingtonDC.craigslist.org/mld/fod/4340300579.html,CABINET  GRANITE  KITCHEN REMODELING ,0,0,mld
http://WashingtonDC.craigslist.org/doc/bfs/4356123590.html,Kraft Bubble Mailers 8.5x12inch AND 5x10inch,38.920679,-77.074626,doc
http://WashingtonDC.craigslist.org/mld/hsd/4340302522.html,All wood antique white wheaton cabinet,39.141900,-77.189000,mld
http://WashingtonDC.craigslist.org/doc/fud/4356084073.html,Special  Ashley Furniture Living Room SOFA AND LOVESEAT 3 Color Option,0,0,doc
http://WashingtonDC.craigslist.org/nva/app/4356109593.html,GE Profile Washer & Kenmore Dryer,38.928835,-77.543221,nva
http://WashingtonDC.craigslist.org/nva/hab/4356107599.html,Stair lifts,38.630500,-77.416019,nva
http://WashingtonDC.craigslist.org/mld/for/4334516328.html,Kitchen breakfast /dining table with a 4 chairs,0,0,mld
http://WashingtonDC.craigslist.org/mld/fud/4356090963.html,Amazing Deal Ashley Microfiber Loveseat and Sofa Three Color Options $,0,0,mld
http://WashingtonDC.craigslist.org/nva/grd/4356113999.html,Antique trucks for sale,0,0,nva
http://WashingtonDC.craigslist.org/mld/hsd/4334514045.html,All wood antique white wheaton cabinet,0,0,mld
http://WashingtonDC.craigslist.org/nva/fuo/4356123126.html,Computer desk  file cabinet  LCD monitor  etc.,38.759600,-77.148500,nva
http://WashingtonDC.craigslist.org/mld/hsd/4334512081.html,cheap and fast way to transform your kitchen,0,0,mld
http://WashingtonDC.craigslist.org/nva/bab/4356123081.html,Snow Suit for 6/9 months,39.037300,-77.480500,nva
http://WashingtonDC.craigslist.org/doc/app/4356123086.html,GE Profile Arctica Side-by-Side Refrigerator,0,0,doc
http://WashingtonDC.craigslist.org/doc/sys/4345513504.html,"Zagg Invisible Shield for 13"" MacBook Air (2008-2009)",38.906700,-77.031200,doc
http://WashingtonDC.craigslist.org/nva/jwl/4330252760.html,WHOA!!! Gorgeous Diamond Earrings !,38.845800,-77.324200,nva
http://WashingtonDC.craigslist.org/doc/hab/4345514174.html,HoMedics Therapist Select Shiatsu Foot Massager,38.906700,-77.031200,doc
http://WashingtonDC.craigslist.org/doc/fuo/4345478574.html,"Furniture Legs  unstained 8""",38.906700,-77.031200,doc
http://WashingtonDC.craigslist.org/doc/sys/4345477618.html,Google Server (Search Appliance MINI-0020) (repurposed),0,0,doc
http://WashingtonDC.craigslist.org/nva/fuo/4356122500.html,Cherry Dresser for sale,0,0,nva
http://WashingtonDC.craigslist.org/nva/clo/4356122482.html,"KD VI ""LIGER"" sz 10.5",0,0,nva
http://WashingtonDC.craigslist.org/nva/for/4356122464.html,Painting and Drywall Services,38.759600,-77.148500,nva
http://WashingtonDC.craigslist.org/doc/fuo/4336822099.html,Ikea suede leather desk chair,38.901400,-77.050400,doc
http://WashingtonDC.craigslist.org/mld/hsh/4356122405.html,DAYBED WHITE METAL ,39.632000,-77.737200,mld
http://WashingtonDC.craigslist.org/mld/atq/4340369823.h,None,0,0,mld
http://WashingtonDC.craigslist.org/doc/fuo/4356121413.html,Tiffany Glass Torchiere Floor Lamp,38.920679,-77.074626,doc
http://WashingtonDC.craigslist.org/doc/bar/4347188325.html,125cc chopper,0,0,doc
http://WashingtonDC.craigslist.org/mld/art/4356112072.html,$9000 Sofa By Thayer Coggin ,39.084000,-77.061300,mld
http://WashingtonDC.craigslist.org/doc/bfs/4356121197.html,Greenbelt Office Space Available,38.999600,-76.884000,doc
http://WashingtonDC.craigslist.org/mld/tag/4356121212.html,Doll House Furniture-Bed-Vanity-Chair Shabby Chic,0,0,mld
http://WashingtonDC.craigslist.org/doc/pts/4356121213.html,Castrol 10W-60 M3 Oil,38.893067,-76.982212,doc
http://WashingtonDC.craigslist.org/nva/bik/4356113769.html,Easton EA 70x tubular wheelset,0,0,nva
http://WashingtonDC.craigslist.org/nva/mat/4340298914.html,"""Lifetime Warranty"" Completely Waterproof LVT",0,0,nva
http://WashingtonDC.craigslist.org/doc/clo/4356121077.html,genuine crocodile leather juicy couture bags women handbag tote bcm189,0,0,doc
http://WashingtonDC.craigslist.org/nva/fuo/4356120907.html,Pub Table Chairs / Island Chairs/ Bar Chairs,38.808915,-77.629588,nva
http://WashingtonDC.craigslist.org/nva/emd/4356120833.html,Bundle of 12 inch records,0,0,nva
http://WashingtonDC.craigslist.org/mld/pts/4356120602.html,Used 4 Tires and Wheels -265/75/15,0,0,mld
http://WashingtonDC.craigslist.org/doc/fuo/4356120258.html,Full-sized mattress stand,38.905662,-77.025383,doc
http://WashingtonDC.craigslist.org/nva/for/4356090619.html,Binders/Notebooks Leather and much more  see pics,38.850200,-77.144800,nva
http://WashingtonDC.craigslist.org/doc/clo/4356120190.html,Heavy Duty WOODEN Hangers,38.793062,-76.992122,doc
http://WashingtonDC.craigslist.org/mld/cto/4312819265.html,2000 VW Jetta vr6,0,0,mld
http://WashingtonDC.craigslist.org/nva/tag/4356120117.html,Vintage handheld games,0,0,nva
http://WashingtonDC.craigslist.org/nva/hsh/4356116275.html,DAYBED WHITE METAL ,39.632000,-77.737200,nva
http://WashingtonDC.craigslist.org/nva/clo/4356119969.html,WEDDING and Party Dyeables shoes,38.859000,-77.099700,nva
http://WashingtonDC.craigslist.org/doc/fuo/4356119900.html,ANGEL PAINTING 4x4feet,38.914400,-77.074000,doc
http://WashingtonDC.craigslist.org/nva/fuo/4351136766.html,Seally Living room couch set with lounge,39.047200,-77.386600,nva
http://WashingtonDC.craigslist.org/doc/fuo/4356119784.html,Futon / Sofa Bed (Each for $25),0,0,doc
http://WashingtonDC.craigslist.org/mld/fuo/4352238590.html,Southern Living @ Home Pieces for sale ~ Vintage,39.010081,-77.020855,mld
http://WashingtonDC.craigslist.org/mld/for/4356119704.html,1995 JOHN FORCE PLATINUM FUNNY CAR (AUTOGRAPHED) MINT,39.188000,-77.235800,mld
http://WashingtonDC.craigslist.org/nva/sgd/4356083044.html,Synthetic sports turf used.good condition.,33.569000,-117.178300,nva
http://WashingtonDC.craigslist.org/mld/tix/4356119503.html,Washington Capitals 2014-2015 Season Tickets to Share,39.161579,-77.080207,mld
http://WashingtonDC.craigslist.org/mld/fuo/4344548518.html,Two (2) Lamp table/round table/side table/night table,0,0,mld
http://WashingtonDC.craigslist.org/mld/fuo/4341976918.html,Gold Wreath Wall Hanging,0,0,mld
http://WashingtonDC.craigslist.org/nva/cto/4356119365.html,plow  blade,0,0,nva
http://WashingtonDC.craigslist.org/nva/fuo/4345625606.html,Rug/ carpet,0,0,nva
http://WashingtonDC.craigslist.org/doc/for/4337982451.html,Irish Porcelain covered ~ BELLEEK dish with lid~Lovely~,38.926800,-78.179600,doc
http://WashingtonDC.craigslist.org/nva/for/4316434417.html,2 Round Tables,38.873800,-77.114200,nva
http://WashingtonDC.craigslist.org/nva/pts/4356110650.html,59 Jeepster hood,0,0,nva
http://WashingtonDC.craigslist.org/doc/ele/4330234976.html,Classic Bowmar Handheld Electronic Calculator - MX60,39.008913,-77.096901,doc
http://WashingtonDC.craigslist.org/nva/atq/4337992759.html,Like to Bowl?  Pair of antique Bowl Pins,38.926800,-78.179600,nva
http://WashingtonDC.craigslist.org/doc/wan/4356113227.html,CAPS vs FLYERS! Sunday! Aisle  CAPS SHOOT 2x!,0,0,doc
http://WashingtonDC.craigslist.org/doc/atq/4330236145.html,Antique (Early 1900's) Wicker Rocker,39.008847,-77.096901,doc
http://WashingtonDC.craigslist.org/mld/fuo/4352246775.html,Vintage Table Lamp needs new sconces ~ Working ,39.010047,-77.020984,mld
http://WashingtonDC.craigslist.org/nva/atq/4336276679.html,"Queen Elizabeth Oct. 1951 porcelain 4.5"" dish",38.926800,-78.179600,nva
http://WashingtonDC.craigslist.org/doc/fuo/4356113187.html,Green Sofa Sleeper,38.920679,-77.074626,doc
http://WashingtonDC.craigslist.org/doc/ele/4330237292.html,SHARP EL - 6620B Memo Master Electronic Organizer,39.008830,-77.096944,doc
http://WashingtonDC.craigslist.org/nva/atq/4349132868.html,Privacy Screen/Painted room divider - 3 panel,38.926800,-78.179600,nva
http://WashingtonDC.craigslist.org/doc/tix/4335374070.html,*****WASHiNGTON WiZARDS games GALLERY PLACE parking garage voucher****,38.881911,-77.114702,doc
http://WashingtonDC.craigslist.org/nva/ele/4352871090.html,APPLE IPHONE 3 ft  / 1m 8-pin 5/5S DATA CABLE CORD Brand New $ 5 only,38.981400,-77.472300,nva
http://WashingtonDC.craigslist.org/nva/tix/4314349067.html,*************ACELA CLUB Passes for WASHiNGTON WiZARDS game************,0,0,nva
http://WashingtonDC.craigslist.org/mld/fuo/4345120295.html,Oak Occasional Table,39.009997,-77.020769,mld
http://WashingtonDC.craigslist.org/doc/clt/4330238429.html,New MacKenzie Childs New Compote  Dessert Tree  Napkins,39.008663,-77.097450,doc
http://WashingtonDC.craigslist.org/nva/mpo/4326852177.html,Harley TSSM with Key Fob,38.760200,-77.306400,nva
http://WashingtonDC.craigslist.org/nva/spo/4349903782.html,Aramith Premier Belgian Billiard Ball Set,0,0,nva
http://WashingtonDC.craigslist.org/nva/for/4356112639.html,Yorkie,0,0,nva
http://WashingtonDC.craigslist.org/doc/for/4356112588.html,17 Conical Fermenters ,0,0,doc
http://WashingtonDC.craigslist.org/doc/bik/4356112512.html,girls bike,38.734012,-77.470729,doc
http://WashingtonDC.craigslist.org/mld/fuo/4337948259.html,9 Drawer Dixie Dresser with mirror and original Hardware,39.010047,-77.020898,mld
http://WashingtonDC.craigslist.org/nva/spo/4347136026.html,project salvo and gear,38.770700,-77.449400,nva
http://WashingtonDC.craigslist.org/nva/cto/4356112458.html,Mercedes Benz S420,0,0,nva
http://WashingtonDC.craigslist.org/nva/for/4356112421.html,Looking to trade AKC Husky puppy for female husky or shepherd,38.643800,-77.345100,nva
http://WashingtonDC.craigslist.org/doc/ele/4330248259.html,Garmin GPS 12 Extreme Power Personal Navigator ,39.008663,-77.097450,doc
http://WashingtonDC.craigslist.org/nva/fuo/4356112354.html,Belgian Oak Wall Unit  Sofa  Two Chairs,0,0,nva
http://WashingtonDC.craigslist.org/mld/cto/4356111440.html,1992 FORD F250 PICK UP TRUCK 4X4 AUTOMATIC ,0,0,mld
http://WashingtonDC.craigslist.org/doc/pho/4345936659.html,Flexible Tripod Light  High Intensity LED - JLR Gear,39.008663,-77.097450,doc
http://WashingtonDC.craigslist.org/mld/bab/4356111376.html,Lenox 3 Bears Gift Set,39.029121,-77.012252,mld
http://WashingtonDC.craigslist.org/nva/cto/4356111326.html,corvette classic 1970 convertible,0,0,nva
http://WashingtonDC.craigslist.org/nva/bab/4313049526.html,Safety Gates Pretty New and Elegant,0,0,nva
http://WashingtonDC.craigslist.org/nva/fuo/4356111274.html,Fire Pit,38.742168,-77.264271,nva
http://WashingtonDC.craigslist.org/mld/fuo/4345465819.html,Cherry Night Stand - Solid,39.009780,-77.020683,mld
http://WashingtonDC.craigslist.org/nva/clo/4350290671.html,Jordan Cool Grey 9s SIZE:11.5,0,0,nva
http://WashingtonDC.craigslist.org/doc/atq/4341133046.html,Ornate Antique Metal Table Lamp w/Silk Shade,39.008663,-77.097450,doc
http://WashingtonDC.craigslist.org/nva/for/4356111095.html,Lord of The Rings  Blue Ray,0,0,nva
http://WashingtonDC.craigslist.org/doc/atq/4340355419.html,Antique 1920's Smoker's Stand ,39.008663,-77.097450,doc
http://WashingtonDC.craigslist.org/mld/fuo/4349355433.html,Kitchen Paula Dean Enameled Metal Coffee Pot ~ BLUE,39.010047,-77.020812,mld
http://WashingtonDC.craigslist.org/nva/bab/4317398055.html,Chicco's Stroller-price reduced,0,0,nva
http://WashingtonDC.craigslist.org/nva/clo/4347656656.html,Jordans and snapbacks,38.676000,-77.316300,nva
http://WashingtonDC.craigslist.org/mld/clt/4356110826.html,"""Cows in Winter"" Collector Plate",39.166770,-77.192409,mld
http://WashingtonDC.craigslist.org/doc/ele/4345934320.html,Canon PowerShot A470 Digital Camera,39.008663,-77.097450,doc
http://WashingtonDC.craigslist.org/nva/fud/4347463602.html,Geary Dining Room Sets: 5 Pc's.(BOXED),38.802829,-77.121977,nva
http://WashingtonDC.craigslist.org/nva/cto/4356039117.html,2004 Mercedes Benz E500 4matic ***all wheel drive  no snow worries***,39.015865,-77.352940,nva
http://WashingtonDC.craigslist.org/mld/fuo/4313589219.html,Vintage Red Occasional table- Old sewing table,39.010081,-77.020855,mld
http://WashingtonDC.craigslist.org/nva/bab/4328751251.html,Baby kitchen and riding horse-price reduced,0,0,nva
http://WashingtonDC.craigslist.org/doc/fuo/4348855514.html,Solid child baby crib,0,0,doc
http://WashingtonDC.craigslist.org/mld/fuo/4326151891.html,9 piece Dining Set: 1 buffet  table  hutch  and 6 chairs,39.010014,-77.020769,mld
http://WashingtonDC.craigslist.org/nva/bab/4328752895.html,Pampers Diapers,38.845800,-77.324200,nva
http://WashingtonDC.craigslist.org/nva/sys/4356110363.html,"Laptop 17"" Toshiba Satellite (A105 S4284)",39.014200,-77.528500,nva
http://WashingtonDC.craigslist.org/mld/fud/4323649542.html,(NEW) 5 Pc Bedroom Sets:* Solid Wood. *Cherry or Black.  ,38.803357,-77.119627,mld
http://WashingtonDC.craigslist.org/nva/clo/4356110274.html,Bridal Dresses New and Affordables,38.859000,-77.099700,nva
http://WashingtonDC.craigslist.org/doc/mat/4356110261.html,ROOFING BRACKETS,39.632000,-77.737200,doc
http://WashingtonDC.craigslist.org/nva/for/4356110268.html,Generator Storm Responder 8250 Watts ,0,0,nva
http://WashingtonDC.craigslist.org/doc/bks/4324986096.html,Two books: What To Expect ,0,0,doc
http://WashingtonDC.craigslist.org/mld/fuo/4314582330.html,2 Light Blue/ Green Arm Chairs - So Comfy!,39.010064,-77.020705,mld
http://WashingtonDC.craigslist.org/nva/pts/4319267484.html,Clymers  Haynes  chitons manuals,0,0,nva
http://WashingtonDC.craigslist.org/nva/grd/4356104259.html,"Ariens 22"" Power Assist Lawnmower",38.862816,-77.227678,nva
http://WashingtonDC.craigslist.org/nva/fuo/4350897127.html,table top,38.885200,-77.323300,nva
http://WashingtonDC.craigslist.org/doc/for/4356104241.html,Baking Tools  Containers  Boxes  Cookie Cutters,38.914400,-77.074000,doc
http://WashingtonDC.craigslist.org/nva/spo/4352939193.html,2011 Easton Stealth TeeBall Bat,38.839273,-77.423658,nva
http://WashingtonDC.craigslist.org/doc/bks/4324983395.html,John Grisham Novels - 1st Editions,0,0,doc
http://WashingtonDC.craigslist.org/mld/ele/4338992986.html,"New Samsung 60"" UN60ES7150 1080p 3D Glasses Keyboard Smart WiFi LED TV",0,0,mld
http://WashingtonDC.craigslist.org/mld/clo/4349462974.html,Coach Champagne & Tan Art Signature C Multi-functional tote,39.010114,-77.020898,mld
http://WashingtonDC.craigslist.org/nva/cto/4356099438.html,** 2008 FORD F350 SD XL CREW CAB DUALLY **,0,0,nva
http://WashingtonDC.craigslist.org/nva/ele/4336512190.html,Cobb AP ( AccessPort ) Version 2- Mazdaspeed 3,38.749200,-77.487800,nva
http://WashingtonDC.craigslist.org/doc/bks/4325002404.html,The Essential Rumi,0,0,doc
http://WashingtonDC.craigslist.org/nva/atq/4356062497.html,Stunning Antique Dresser,0,0,nva
http://WashingtonDC.craigslist.org/mld/fuo/4313606539.html,Greek Blue Coffee table,39.010047,-77.020855,mld
http://WashingtonDC.craigslist.org/doc/bks/4324977945.html,Michael Connelly - Three First Editions,0,0,doc
http://WashingtonDC.craigslist.org/mld/bab/4350887424.html,Jeep double stroller,38.885200,-77.323300,mld
http://WashingtonDC.craigslist.org/mld/fuo/4335827851.html,3 Light Blue Frames ~ Upcycled & Shabby Chic,39.010081,-77.020769,mld
http://WashingtonDC.craigslist.org/nva/app/4356103849.html,painting,0,0,nva
http://WashingtonDC.craigslist.org/doc/bks/4325137190.html,Italian Wines 2007,0,0,doc
http://WashingtonDC.craigslist.org/doc/cto/4356000588.html,00 NISSAN QUEST**TV**RUNS GREAT,38.379600,-77.534900,doc
http://WashingtonDC.craigslist.org/mld/fuo/4333630368.html,Fiddle Back Dining  Vanity  or Accent Chair,39.010064,-77.020705,mld
http://WashingtonDC.craigslist.org/doc/art/4338157187.html,The Complete Book of Woodworking,0,0,doc
http://WashingtonDC.craigslist.org/nva/cto/4356074080.html,Mercedez Benz CLK32 Convertible ,38.643800,-77.345100,nva
http://WashingtonDC.craigslist.org/mld/clo/4349454704.html,Coach Brown & Tan Art Signature C Baby Diaper Bag /Multi-function tote,39.010081,-77.021070,mld
http://WashingtonDC.craigslist.org/nva/app/4356103562.html,Stainless Steel Dual Door Refrigerator,38.755355,-77.140095,nva
http://WashingtonDC.craigslist.org/doc/hsh/4328664668.html,Beautiful Red Amber Beaded Lamp Shade,0,0,doc
http://WashingtonDC.craigslist.org/nva/atq/4356103503.html,Borgward Engine & Transmission,0,0,nva
http://WashingtonDC.craigslist.org/nva/ele/4356103495.html,samsung 32 lcd tv,38.860400,-77.264900,nva
http://WashingtonDC.craigslist.org/mld/clo/4356099914.html,Air Jordan 6 Infrared DS sz13,38.951300,-76.895800,mld
http://WashingtonDC.craigslist.org/nva/bab/4356099866.html,Graco Charleston Classic 4-in-1 Convertible Crib - White,38.980700,-77.341900,nva
http://WashingtonDC.craigslist.org/doc/bab/4326841253.html, Medela Pump in Style Advanced Breast Pump with Shoulder Bag - used,38.903691,-76.998324,doc
http://WashingtonDC.craigslist.org/nva/tls/4356099672.html,Large Bypass Lopper,0,0,nva
http://WashingtonDC.craigslist.org/mld/pts/4346199071.html,BMW 7 series Mats - Original BMW parts,38.996300,-76.929900,mld
http://WashingtonDC.craigslist.org/nva/cto/4356099607.html,1985 Mini Car with Transmission in Mint condition,38.759600,-77.148500,nva
http://WashingtonDC.craigslist.org/nva/fuo/4356099434.html,ALMOST NEW FURNITURE,39.037300,-77.480500,nva
http://WashingtonDC.craigslist.org/nva/clt/4356099377.html,Stivers Print-No Surrender,38.806000,-77.052900,nva
http://WashingtonDC.craigslist.org/nva/fuo/4356099339.html,sealy royal comfort queen matresss,38.860400,-77.264900,nva
http://WashingtonDC.craigslist.org/nva/clo/4350250711.html,3T and 4T Girls' Northface Coats,0,0,nva
http://WashingtonDC.craigslist.org/mld/spo/4346195900.html,Bauer Ice Skates ,38.996300,-76.929900,mld
http://WashingtonDC.craigslist.org/doc/pts/4342753303.html,REAL BMW Mats - OEM Mats Black and Sand ,0,0,doc
http://WashingtonDC.craigslist.org/mld/pts/4346195053.html,BMW X5 Cargo Mat/ Liner beige,38.996300,-76.929900,mld
http://WashingtonDC.craigslist.org/mld/clo/4351642774.html,Womens Bakers Boots - More than 1 size - BRAND NEW!!!,0,0,mld
http://WashingtonDC.craigslist.org/nva/spo/4356098742.html,K2 FAT BOB SNOWBOARD,39.143600,-77.734200,nva
http://WashingtonDC.craigslist.org/doc/pts/4346206763.html,REAL BMW Mats - OEM Mats Black and Sand ,38.996300,-76.929900,doc
http://WashingtonDC.craigslist.org/mld/fuo/4356098602.html,Fold out chair and sleeper ,0,0,mld
http://WashingtonDC.craigslist.org/mld/cto/4334430555.html,2001 BMW 740i LEATHER GARAGE KEPT-INSPECTED $5250,39.062915,-77.047977,mld
http://WashingtonDC.craigslist.org/mld/mob/4342718655.html,Brand New Samsung Galaxy Note3 World Phone LOOK,0,0,mld
http://WashingtonDC.craigslist.org/nva/bab/4350273644.html,baby girl and toddler girl Nikes and dress shoes,38.566900,-77.292100,nva
http://WashingtonDC.craigslist.org/nva/ele/4356098392.html,Retractable (Hidden) CB Radio Antenna,0,0,nva
http://WashingtonDC.craigslist.org/nva/pho/4355958568.html,PNY 8GB SDHC Card -NEW,0,0,nva
http://WashingtonDC.craigslist.org/nva/pts/4356084306.html,"22"" BORGHINI Rims and Tires Suburban Tahoe Escalade Yukon Chevy GMC ",0,0,nva
http://WashingtonDC.craigslist.org/mld/mpo/4342752060.html,Alpine MC Jacket ,0,0,mld
http://WashingtonDC.craigslist.org/nva/cto/4356098143.html,1964 Chevy Chevelle/Malibu,0,0,nva
http://WashingtonDC.craigslist.org/mld/fuo/4356098098.html,Harvard full size pool table. Starter kit included,0,0,mld
http://WashingtonDC.craigslist.org/nva/fuo/4356097868.html,COUCH & RECLINER (w/ fabric Warranties & Decorative Pillows),38.841500,-77.090500,nva
http://WashingtonDC.craigslist.org/nva/tag/4350281786.html,vtech riding giraffe princess ride on  fairy quad ride on,38.566900,-77.292100,nva
http://WashingtonDC.craigslist.org/doc/bab/4342940189.html,***Stunning maternity swimdress XL,38.951800,-77.020300,doc
http://WashingtonDC.craigslist.org/nva/for/4312525753.html,6 Piece Non-stick Pots & Pans,38.897600,-77.509200,nva
http://WashingtonDC.craigslist.org/mld/grd/4331380231.html,Dog coats  sweaters  t-shirts for Med - Lrg dog  size 20 ,38.938100,-77.086000,mld
http://WashingtonDC.craigslist.org/nva/fuo/4356093400.html,ALMOST NEW FURNITURE,39.037300,-77.480500,nva
http://WashingtonDC.craigslist.org/nva/for/4349228598.html,Queen Air Mattress,38.897600,-77.509200,nva
http://WashingtonDC.craigslist.org/doc/grd/4331379446.html,Rambo Original Heavyweight Horse Blanket,38.938100,-77.086000,doc
http://WashingtonDC.craigslist.org/nva/hsh/4356093068.html,T-Fal Actifry reduced,38.458600,-77.430600,nva
http://WashingtonDC.craigslist.org/doc/for/4355964588.html,Limo Bus Ford E 450 KK28 20 /Pass,38.814900,-77.121000,doc
http://WashingtonDC.craigslist.org/nva/fuo/4356092904.html,Beautiful 5 PC Dining room set ,38.860400,-77.264900,nva
http://WashingtonDC.craigslist.org/doc/wan/4320032414.html,501 (c)(3) Non-profit Vehicle Donation,0,0,doc
http://WashingtonDC.craigslist.org/mld/for/4320031587.html,260 sf Self Storage Unit Contents - 1000 plus items,0,0,mld
http://WashingtonDC.craigslist.org/nva/jwl/4356092769.html,Cultured Pearl Earrings,0,0,nva
http://WashingtonDC.craigslist.org/mld/mob/4320046376.html,Straight Talk LG Optimus Q,0,0,mld
http://WashingtonDC.craigslist.org/mld/hsh/4320030699.html,Sterilight S8Q-PA UV Sterilizer (10GPM) Home Water Sterilizer,0,0,mld
http://WashingtonDC.craigslist.org/nva/for/4356092646.html,inflatable flocked air bed twin size,0,0,nva
http://WashingtonDC.craigslist.org/mld/sys/4320278578.html,eMachines ET1331G-05w PC   Dell 1901FP Monitor and more,38.996300,-76.929900,mld
http://WashingtonDC.craigslist.org/doc/bab/4356092605.html,Cloud b sleep sack SM,39.038800,-77.192200,doc
http://WashingtonDC.craigslist.org/nva/for/4349227165.html,Queen Air Mattress,38.897600,-77.509200,nva
http://WashingtonDC.craigslist.org/nva/bar/4346728890.html,High end home theater system. 4 tower speakers and subwoofer,0,0,nva
http://WashingtonDC.craigslist.org/mld/cto/4356046641.html,Honda Accord Ex-l V6 78K Loaded leather excellent,39.188000,-77.235800,mld
http://WashingtonDC.craigslist.org/nva/spo/4356092301.html,Total Body Works 5000,0,0,nva
http://WashingtonDC.craigslist.org/nva/fuo/4312528078.html,New Home Theater Glass/Wood Table,0,0,nva
http://WashingtonDC.craigslist.org/nva/atq/4345417080.html,Vintage Victorian Rocking Chair * NICE * OLD *,0,0,nva
http://WashingtonDC.craigslist.org/mld/pts/4356092115.html,Use tires like new .. 275/60/20 ... 20 inches ,39.040000,-77.044400,mld
http://WashingtonDC.craigslist.org/nva/cto/4356092083.html,2014 Acura RDX AWD non-tech ,0,0,nva
http://WashingtonDC.craigslist.org/nva/emd/4312527005.html,Warner Bros. Academy Awards Cartoon DVD,0,0,nva
http://WashingtonDC.craigslist.org/nva/tls/4356092028.html,Plastic stackable parts bins ,0,0,nva
http://WashingtonDC.craigslist.org/nva/ele/4326020526.html,Magnavox T.V. plus television table,0,0,nva
http://WashingtonDC.craigslist.org/nva/ele/4346638287.html,Awesome  High-End Home Theater System.  4 Speakers and Sub Woofer,0,0,nva
http://WashingtonDC.craigslist.org/nva/fuo/4356091878.html,Outdoor Furniture - Chairs,38.741097,-77.263069,nva
http://WashingtonDC.craigslist.org/nva/ele/4349215694.html,Black AIWA I bit DAC CD Player XP-33,38.897600,-77.509200,nva
http://WashingtonDC.craigslist.org/mld/clt/4356087630.html,Loads of Baseball Cards 1990 - 1992,0,0,mld
http://WashingtonDC.craigslist.org/nva/ele/4356087631.html,Wanted an iPad 1st gen,38.814900,-77.121000,nva
http://WashingtonDC.craigslist.org/nva/tls/4356087617.html,Used Dewalt DW911 Radio/Charger,0,0,nva
http://WashingtonDC.craigslist.org/nva/fuo/4336683917.html,Pier One Dining Chairs (2) - Claudine Dining Chairs ,39.014200,-77.528500,nva
http://WashingtonDC.craigslist.org/nva/grd/4356087257.html,68 to 71 Ford Truck Left Door,0,0,nva
http://WashingtonDC.craigslist.org/nva/ele/4356087040.html,7 GH/s Jalapeno ASIC Bitcoin Miner - Used,38.845800,-77.324200,nva
http://WashingtonDC.craigslist.org/nva/art/4356086835.html,African Mirror,0,0,nva
http://WashingtonDC.craigslist.org/mld/hab/4356086778.html,Conair Special 3-in-1 Styling Kit (straightener  crimper  curler),39.083872,-76.951332,mld
http://WashingtonDC.craigslist.org/mld/fuo/4356086746.html,Shabby Chic Desk,39.321100,-77.005100,mld
http://WashingtonDC.craigslist.org/nva/jwl/4315671309.html,1.60 CARATS!!! Gorgeous CERTIFIED Diamond,38.860400,-77.264900,nva
http://WashingtonDC.craigslist.org/nva/tls/4356086705.html,Never Used Core Cut Masonry Wet Saw,0,0,nva
http://WashingtonDC.craigslist.org/nva/pts/4356086239.html,Honda Accord OEM Muffler,0,0,nva
http://WashingtonDC.craigslist.org/nva/fuo/4356086068.html,Executive Hekman Computer Desk looking for home,38.731600,-77.060400,nva
http://WashingtonDC.craigslist.org/doc/fud/4323540240.html,SALE!! Z FURNITURE !!Eagle 108DT & 108CH Expandable Dining Set,38.903474,-77.026820,doc
http://WashingtonDC.craigslist.org/nva/bar/4350388111.html,truck- &CHEV PU  ++++++ stuff                   FOR TRADE ,38.720200,-77.439100,nva
http://WashingtonDC.craigslist.org/mld/for/4356085935.html,1997 1/24 MATCO TOOLS SUPERNATIONAL FUNNY CAR 1 OF 5000 (MINT),39.188000,-77.235800,mld
http://WashingtonDC.craigslist.org/nva/clo/4356085925.html,Brand new pair of Wedge Sneakers! <3 ,0,0,nva
http://WashingtonDC.craigslist.org/nva/bar/4350375643.html,-Truck     truck- &CHEV PU  ++++++ stuff                   FOR TRADE ,38.720200,-77.439100,nva
http://WashingtonDC.craigslist.org/doc/fuo/4350373094.html,TV Stand  Side table,0,0,doc
http://WashingtonDC.craigslist.org/nva/bar/4350391761.html,pool table------- FOR TRADE ,0,0,nva
http://WashingtonDC.craigslist.org/nva/fuo/4356085614.html,African Folding Rattan Chair ,38.832000,-77.120000,nva
http://WashingtonDC.craigslist.org/doc/fuo/4324006599.html,Berkshire Reception Love Seats,39.329600,-76.734100,doc
http://WashingtonDC.craigslist.org/nva/bab/4356085524.html,Lambs & Ivy Safari 4 Piece Crib Set,38.950598,-77.195177,nva
http://WashingtonDC.craigslist.org/nva/clo/4356085440.html,Louis Vuitton,39.014200,-77.528500,nva
http://WashingtonDC.craigslist.org/mld/fuo/4353127300.html,Modern Blue Desk / Office Chair ,0,0,mld
http://WashingtonDC.craigslist.org/nva/cto/4356060359.html,2001 Chevy s10 Pick up 4 cylinder *** Hard to find with step**Emiss+ Ins**,0,0,nva
http://WashingtonDC.craigslist.org/nva/tag/4356085285.html,Real Flight G4 with G6.5 upgrade RC simulator,0,0,nva
http://WashingtonDC.craigslist.org/nva/fuo/4356085221.html,2 office cabinets/bookcases,0,0,nva
http://WashingtonDC.craigslist.org/nva/for/4356084779.html,"Huffy 20"" Popstar Girl's Bike",39.037300,-77.480500,nva
http://WashingtonDC.craigslist.org/nva/clt/4321086072.html,trading for,38.721900,-77.466900,nva
http://WashingtonDC.craigslist.org/nva/cto/4356078747.html,2000 Subaru Forester AWD,0,0,nva
http://WashingtonDC.craigslist.org/nva/clt/4321130881.html,BROOKS & DUNN COLLECTIBLE ** CASE ** KNIFE,38.721900,-77.466900,nva
http://WashingtonDC.craigslist.org/nva/clt/4335573327.html,1928 .. 2.50 INDIAN GOLD PC.,38.721900,-77.466900,nva
http://WashingtonDC.craigslist.org/nva/ele/4356078476.html,Onkyo TX-DS676 Home Theater Reciever,39.047200,-77.386600,nva
http://WashingtonDC.craigslist.org/nva/jwl/4335572819.html,"Authentic Tiffany Sterling Silver .925 8"" Heart Bracelet with Box",38.721900,-77.466900,nva
http://WashingtonDC.craigslist.org/mld/spo/4356078311.html,Weider Pro 4100,38.909268,-76.722937,mld
http://WashingtonDC.craigslist.org/nva/for/4335574783.html,collectibles wanted,38.721900,-77.466900,nva
http://WashingtonDC.craigslist.org/nva/bar/4356078163.html,"****ALPINE 7"" TOUCH SCREEN RECEIVER****TRADE",38.895976,-77.509575,nva
http://WashingtonDC.craigslist.org/nva/clt/4335574189.html,collectibles wanted,38.721900,-77.466900,nva
http://WashingtonDC.craigslist.org/mld/boa/4356078012.html,Magma Marine Kettle Charcoal Grill,38.988500,-76.791000,mld
http://WashingtonDC.craigslist.org/nva/spo/4356077984.html,Foamposite electric blue nike ,38.979700,-76.743500,nva
http://WashingtonDC.craigslist.org/nva/wan/4348268327.html,football stuff wanted ,38.721900,-77.466900,nva
http://WashingtonDC.craigslist.org/nva/bab/4345851663.html,Honest Company Baby Carrier -New-,0,0,nva
http://WashingtonDC.craigslist.org/nva/bks/4356077696.html,Bar/Law Review Study Guides  ,0,0,nva
http://WashingtonDC.craigslist.org/nva/app/4356077570.html,square d qo circuit breaker load center,38.895709,-77.125890,nva
http://WashingtonDC.craigslist.org/nva/bab/4356077310.html,Graco Wooden High Chair,38.897600,-77.509200,nva
http://WashingtonDC.craigslist.org/nva/fuo/4342088851.html,Twin size Bedroom set French Provincial good cond/can DELIVER!!!,38.806783,-77.198400,nva
http://WashingtonDC.craigslist.org/nva/bab/4326148999.html,Fisher Price Big Action Construction Site,38.863500,-77.193900,nva
http://WashingtonDC.craigslist.org/doc/ele/4338370979.html,Blu Ray Player - Panasonic,0,0,doc
http://WashingtonDC.craigslist.org/mld/fud/4338605649.html,## 5 Piece Cherry Bedroom Set (never used/ still boxed),38.893000,-77.026300,mld
http://WashingtonDC.craigslist.org/doc/clo/4356077027.html,"KATE SPADE BLACK HANDBAG 14""L x 10""H x 5""W",38.920679,-77.074626,doc
http://WashingtonDC.craigslist.org/nva/cto/4356076934.html,SnowPlowing for your Driveway,38.666500,-77.424800,nva
http://WashingtonDC.craigslist.org/mld/mob/4356061963.html,Samsung Galaxy Note 2 / Note II 16GB ATT,38.991337,-77.000470,mld
http://WashingtonDC.craigslist.org/mld/mcy/4352243492.html,Black street scooter,0,0,mld
http://WashingtonDC.craigslist.org/doc/fuo/4356076723.html,Reclining leather arm chair,38.905703,-77.025404,doc
http://WashingtonDC.craigslist.org/nva/ctd/4356076621.html,________2005 Toyota Sienna XLE AWD__GUARANTEED CREDIT APPROVAL!!!!!!!,38.766343,-77.456205,nva
http://WashingtonDC.craigslist.org/mld/fuo/4356076531.html,Bar stools ,0,0,mld
http://WashingtonDC.craigslist.org/nva/hsh/4356076535.html,45 GALLON FISH TANK/STAND/HOOD/FILTER,39.037300,-77.480500,nva
http://WashingtonDC.craigslist.org/nva/fuo/4356075732.html,Tall Dresser Chest of six drawers good condition can Deliver!!!,38.801398,-77.182032,nva
http://WashingtonDC.craigslist.org/doc/pho/4344730333.html,Achiever Flash Unit,0,0,doc
http://WashingtonDC.craigslist.org/mld/fuo/4356075668.html,Table & Chairs ,0,0,mld
http://WashingtonDC.craigslist.org/doc/for/4334347287.html,Terra Cotta Clay Pots - Large Assortment,0,0,doc
http://WashingtonDC.craigslist.org/nva/ele/4344681263.html,New Pioneer AVH-P2400BT (bluetooth),0,0,nva
http://WashingtonDC.craigslist.org/nva/bfs/4356075388.html,Martin Yale Table Top Letter Folder,0,0,nva
http://WashingtonDC.craigslist.org/nva/fuo/4356075303.html,Dinning Table w/6 chairs,38.666500,-77.424800,nva
http://WashingtonDC.craigslist.org/mld/fuo/4356075242.html,Animal and Child Resistant Sofa,0,0,mld
http://WashingtonDC.craigslist.org/nva/atq/4356075082.html,Octagon shaped corner Curio,38.832000,-77.120000,nva
http://WashingtonDC.craigslist.org/nva/clo/4349146045.html,Coach Black Leather Handbag,0,0,nva
http://WashingtonDC.craigslist.org/mld/fuo/4356074950.html,Dresser & Amoire ,0,0,mld
http://WashingtonDC.craigslist.org/mld/pts/4356074921.html,Jeep Rubicon Tires and Rims,0,0,mld
http://WashingtonDC.craigslist.org/nva/bab/4349167631.html,Orbit Baby G2 Travel System and Stroller Seat - Black,0,0,nva
http://WashingtonDC.craigslist.org/doc/fuo/4356074848.html,Beautiful Antique Table ,38.914400,-77.074000,doc
http://WashingtonDC.craigslist.org/nva/bab/4356074813.html,Crib Mattress,38.897600,-77.509200,nva
http://WashingtonDC.craigslist.org/nva/bab/4349175668.html,Orbit Baby Weather Pack,0,0,nva
http://WashingtonDC.craigslist.org/nva/hsh/4356074765.html,Brand New In Box Kräus KBU 12 Kitchen Sink,39.003900,-77.308300,nva
http://WashingtonDC.craigslist.org/mld/clo/4355980693.html,CLOTHING RACKS - REALLY STURDY,39.632000,-77.737200,mld
http://WashingtonDC.craigslist.org/nva/hsh/4353029398.html,Traditional Cherry Wood Shelf,39.096771,-77.514735,nva
http://WashingtonDC.craigslist.org/nva/clt/4348196145.html,144 Pieces Pink Depression Glass,0,0,nva
http://WashingtonDC.craigslist.org/nva/bab/4349184055.html,Orbit Baby G2 Stroller Seat Color Pack,0,0,nva
http://WashingtonDC.craigslist.org/mld/fuo/4353157316.html,Gorgeous IKAT Table Lamp,0,0,mld
http://WashingtonDC.craigslist.org/nva/mcy/4356036139.html,2004 Kawasaki 1500cc Vulcan Classic,38.758900,-77.087300,nva
http://WashingtonDC.craigslist.org/nva/atq/4348195117.html,144 Pieces Pink Depression Glass,0,0,nva
http://WashingtonDC.craigslist.org/nva/bab/4356074118.html,Nursery Rug,38.897600,-77.509200,nva
http://WashingtonDC.craigslist.org/mld/fuo/4356074121.html,Sofa ,0,0,mld
http://WashingtonDC.craigslist.org/nva/tag/4353041545.html,Traxxas Slash 4x4 Ultimate,0,0,nva
http://WashingtonDC.craigslist.org/nva/bab/4349196869.html,Orbit Baby G2 Bassinet Cradle,0,0,nva
http://WashingtonDC.craigslist.org/mld/cto/4349163550.html,2004 Cheverolet Colorado,0,0,mld
http://WashingtonDC.craigslist.org/nva/fuo/4349229550.html,File Credenza and Hutch,0,0,nva
http://WashingtonDC.craigslist.org/mld/for/4356073796.html,Wedding items for sale,39.087000,-77.168000,mld
http://WashingtonDC.craigslist.org/nva/ele/4356064222.html,ALTEC LANSING VS2121HP,0,0,nva
http://WashingtonDC.craigslist.org/nva/fuo/4317417110.html,Heywood Wakefield Butterfly dining table and 4 chairs,0,0,nva
http://WashingtonDC.craigslist.org/nva/for/4344323312.html,Office Chairs,39.247941,-77.650681,nva
http://WashingtonDC.craigslist.org/doc/fuo/4356063896.html,Pottery Barn Kids Shelves,0,0,doc
http://WashingtonDC.craigslist.org/mld/spo/4356063871.html,Skis  Poles  and Boots  Salomon  P-Tex Electra  and Tyrolia,38.520700,-76.781700,mld
http://WashingtonDC.craigslist.org/mld/mob/4356063840.html,Samsung Galaxy 2 (Sprint),0,0,mld
http://WashingtonDC.craigslist.org/nva/fuo/4344303458.html,Ikea Klippan Couch/Loveseat,39.248606,-77.649479,nva
http://WashingtonDC.craigslist.org/nva/clo/4356063792.html,Mens Large leather jacket with zip out liner,39.123835,-77.545431,nva
http://WashingtonDC.craigslist.org/mld/cto/4352094859.html,"2008 GMC Sierra SLT 6"" Lift  35"" Nitto  Custom  Inspected",38.520700,-76.781700,mld
http://WashingtonDC.craigslist.org/nva/cto/4345869540.html,02 Subaru Outback Wagon Trade For Jeep Wrangler Of Equal Value,38.815700,-77.621600,nva
http://WashingtonDC.craigslist.org/nva/msg/4344278970.html,Yamaha PSR-520 Keyboard ,39.247277,-77.647934,nva
http://WashingtonDC.craigslist.org/mld/fuo/4346579917.html,Walnut Desk,0,0,mld
http://WashingtonDC.craigslist.org/nva/ele/4356063641.html, SIRIUS STARMATE 5**ACTIVATED**TRADE**,38.897600,-77.509200,nva
http://WashingtonDC.craigslist.org/doc/cto/4356063646.html,CORVETTE STINGRAY 1975 CLASSIC ,0,0,doc
http://WashingtonDC.craigslist.org/mld/for/4356063568.html,Ivory Parchment Resume Paper,39.170208,-77.204471,mld
http://WashingtonDC.craigslist.org/mld/fuo/4356063454.html,New Bathroom Vanity Cabinet,39.134500,-77.147700,mld
http://WashingtonDC.craigslist.org/nva/hsh/4356063360.html,Window Treatments / Curtains / Blinds / Valance,0,0,nva
http://WashingtonDC.craigslist.org/nva/ele/4356063341.html,IPOD IPHONE FLEXIBLE DOCK CAR CONNECTOR,0,0,nva
http://WashingtonDC.craigslist.org/nva/fud/4345947925.html,L@@K NEW Premium Brand Name RUGS in 150 designs 9 sizes@CHEAP PRICES,39.022668,-77.408810,nva
http://WashingtonDC.craigslist.org/doc/pho/4356063237.html,Sony e mount 55-210,0,0,doc
http://WashingtonDC.craigslist.org/mld/fuo/4351492692.html,Jewelry Chest ,0,0,mld
http://WashingtonDC.craigslist.org/nva/ele/4356063121.html,ALPINE RECEIVER MOBILE MULTIMEDIA STATION,38.897600,-77.509200,nva
http://WashingtonDC.craigslist.org/mld/ele/4356062823.html,Older TV's  working condition  5 of them available!!,38.520700,-76.781700,mld
http://WashingtonDC.craigslist.org/nva/fud/4323645805.html,SAT-SUN Rug Warehouse  Blow out Rug  sale lots of new rugs 6x8 rug $99,39.022518,-77.408638,nva
http://WashingtonDC.craigslist.org/mld/fuo/4351370623.html,White Bathroom Storage Cabinet ,0,0,mld
http://WashingtonDC.craigslist.org/nva/bab/4348162494.html,Miracle Blankets ,0,0,nva
http://WashingtonDC.craigslist.org/mld/art/4346917081.html,Vintage Singer Zig-Zag Sewing Machine w/ cabinet  bench & accessories,0,0,mld
http://WashingtonDC.craigslist.org/nva/wan/4356062518.html,Wanted: CANON 7D,38.791200,-77.081400,nva
http://WashingtonDC.craigslist.org/mld/for/4356062513.html,IKEA Folding Storage Box - Black *NEW* ,39.169761,-77.204459,mld
http://WashingtonDC.craigslist.org/nva/fuo/4356058167.html,shelving unit - garage storage,38.897700,-77.288000,nva
http://WashingtonDC.craigslist.org/doc/fud/4350583142.html,5 PC DINETTE SET: CHERRY OR CAPPUCCINO  PADDED BAR STOOLS...,38.803300,-77.119714,doc
http://WashingtonDC.craigslist.org/mld/bab/4324289162.html,Rody Gymnic Inflatable Hopping Horse,39.040000,-77.044400,mld
http://WashingtonDC.craigslist.org/mld/for/4356051815.html,VICTOR BRAY 1/24 SCALE 1957 CHEVY CASTROL PROMOD (VERY RARE) ,39.188000,-77.235800,mld
http://WashingtonDC.craigslist.org/nva/hsh/4352767905.html,Vintage vase/cookie jar!,0,0,nva
http://WashingtonDC.craigslist.org/mld/clo/4346564715.html,FOSSIL Handbag,0,0,mld
http://WashingtonDC.craigslist.org/nva/bab/4356058012.html,Girls reversible and adjustable dress  size 3-5T,0,0,nva
http://WashingtonDC.craigslist.org/nva/spo/4356058024.html,New Black Dinger Baseball/Softball Bag,38.666500,-77.424800,nva
http://WashingtonDC.craigslist.org/mld/bab/4324305110.html,Thomas The Tank Engine Compatible Lot- Wooden Trains  Tracks  etc,39.040000,-77.044400,mld
http://WashingtonDC.craigslist.org/mld/grd/4356057970.html,"Murray 46"" cut  Briggs and Stanton 16hp twin motor",38.520700,-76.781700,mld
http://WashingtonDC.craigslist.org/nva/hsh/4352778146.html,Peacock vase,0,0,nva
http://WashingtonDC.craigslist.org/nva/bab/4356057838.html,Boys size 9 months summer outfits,0,0,nva
http://WashingtonDC.craigslist.org/nva/hsh/4352887054.html,Wooden Plant Stand/side table,0,0,nva
http://WashingtonDC.craigslist.org/doc/fud/4337123321.html,(NEW) Leather Sectionals* 2 Pc's* Black or Chocolate(BOXED) $699,38.803287,-77.120934,doc
http://WashingtonDC.craigslist.org/doc/fuo/4356057693.html,HAND CARVED ROCKING CHAIR,38.643800,-77.345100,doc
http://WashingtonDC.craigslist.org/nva/fuo/4356045065.html,Beautiful Century Armoire and Bonus HDTV,38.881897,-77.102716,nva
http://WashingtonDC.craigslist.org/mld/clo/4318344099.html,Harley Davidson Mesh Jacket ,39.214100,-76.878800,mld
http://WashingtonDC.craigslist.org/nva/pts/4356057559.html,****CURB ALERT**** Free Mattress,38.860400,-77.264900,nva
http://WashingtonDC.craigslist.org/nva/app/4356057428.html,Cuisinart SmartPower Duet - Blender/Food Processor,0,0,nva
http://WashingtonDC.craigslist.org/nva/hab/4356034147.html,258 Medifast packets - most expired but all still good!,38.887100,-77.093200,nva
http://WashingtonDC.craigslist.org/nva/hsh/4356057367.html,Propane tank with 2/3 filled,38.817700,-77.292500,nva
http://WashingtonDC.craigslist.org/nva/hab/4356057358.html,Marcy Body Bar Gym,0,0,nva
http://WashingtonDC.craigslist.org/doc/for/4356057340.html,Security Iron Fence Window 58 X 74,38.903925,-76.985600,doc
http://WashingtonDC.craigslist.org/mld/fuo/4346561139.html,Antique Round Table,0,0,mld
http://WashingtonDC.craigslist.org/nva/bab/4335378904.html,Girls Tap Shoes,0,0,nva
http://WashingtonDC.craigslist.org/nva/mod/4355939411.html,**SPECIAL IPHONE IPOD IPAD GALAXY S3 S4 NOTE2 REPAIR-UNLOCK/JAILBREAK*,38.885397,-77.175992,nva
http://WashingtonDC.craigslist.org/nva/bab/4356057044.html,12 Girl's short sleeved shirts  size 2T-4T,0,0,nva
http://WashingtonDC.craigslist.org/doc/tls/4356021593.html,LOCKFORMER 20 gauge Pittsburgh w/ Edger AND Double Seam Wheels ,0,0,doc
http://WashingtonDC.craigslist.org/nva/hab/4356056848.html,Stepper ,0,0,nva
http://WashingtonDC.craigslist.org/nva/bab/4356052716.html,bassinet,38.845800,-77.324200,nva
http://WashingtonDC.craigslist.org/doc/msg/4347951794.html,Digitech Bad Monkey Tube Overdrive Guitar Effect Pedal,38.875536,-77.009886,doc
http://WashingtonDC.craigslist.org/mld/cto/4356018197.html,"1996 Dodge Ram 2500 Van ""Mark 3""  126k Miles",0,0,mld
http://WashingtonDC.craigslist.org/doc/fuo/4340831813.html,Sofa & Chair ,38.868200,-76.815600,doc
http://WashingtonDC.craigslist.org/nva/for/4356052381.html,NEW Sunglow Mirror Indoor Outdoor Bronze Frame Garden Home Decor ,38.983900,-77.367500,nva
http://WashingtonDC.craigslist.org/mld/art/4356052358.html,Gartner Wedding/Shower Invitation Kit,39.169771,-77.204502,mld
http://WashingtonDC.craigslist.org/doc/msg/4341326139.html,DOD DFX9 Digital Delay Effect Pedal,38.875627,-77.010000,doc
http://WashingtonDC.craigslist.org/mld/bab/4350186678.html,Foldable Baby Playpen  Travel cot bed,39.049600,-77.120400,mld
http://WashingtonDC.craigslist.org/nva/hsh/4356052219.html,Miksa,38.844800,-77.467000,nva
http://WashingtonDC.craigslist.org/doc/fuo/4346644043.html,Vintage striped orange velvet sofa couch,38.938100,-77.086000,doc
http://WashingtonDC.craigslist.org/doc/fud/4355964069.html,Factory Overstock Both Laramie Sectional Sofa w/ 9 Throw Pillows COME,0,0,doc
http://WashingtonDC.craigslist.org/nva/clo/4356051874.html,Men's Winter Coat - Black - Size Large,38.983900,-77.367500,nva
http://WashingtonDC.craigslist.org/nva/fuo/4356051791.html,Cherry China Cabinet,38.903300,-77.126300,nva
http://WashingtonDC.craigslist.org/nva/mcy/4356051764.html,XS650 fuel tank + fuel spigot,38.873800,-77.114200,nva
http://WashingtonDC.craigslist.org/nva/mcy/4356051679.html,2007 Suzuki SV650 seat,38.873800,-77.114200,nva
http://WashingtonDC.craigslist.org/doc/fud/4329306446.html,SALE!! Z FURNITURE!! Black OR RED Modern Swivel Arm Fun Chair,0,0,doc
http://WashingtonDC.craigslist.org/nva/hsh/4356051603.html,Rowenta expert,38.643800,-77.345100,nva
http://WashingtonDC.craigslist.org/nva/msg/4356051617.html,"12"" mirror disco ball/ New in Box with motor",38.873800,-77.114200,nva
http://WashingtonDC.craigslist.org/nva/spo/4356051567.html,Bridgestone ParadisO Lady's Golf Set,0,0,nva
http://WashingtonDC.craigslist.org/nva/msg/4356051526.html,Guyatone Ultrem,38.859000,-77.099700,nva
http://WashingtonDC.craigslist.org/nva/for/4356051533.html,Mantel Clock - Unfinished Oak - Clear,38.789400,-77.281800,nva
http://WashingtonDC.craigslist.org/doc/bab/4356051129.html,Zen Collection Cradle Swing - Fisher Price,38.906700,-77.031200,doc
http://WashingtonDC.craigslist.org/nva/boa/4356051109.html,albacore 16 sailboat ,38.820000,-77.058900,nva
http://WashingtonDC.craigslist.org/nva/clo/4356050947.html,Abercrombie winter jacket,39.023000,-77.399400,nva
http://WashingtonDC.craigslist.org/nva/cto/4356050862.html,1999 honda civic,0,0,nva
http://WashingtonDC.craigslist.org/nva/cto/4355968458.html,1997 Jeep Cherokee Sport 4X4 - Great Shape! ,0,0,nva
http://WashingtonDC.craigslist.org/doc/pts/4356050676.html,american racing  rims torque thrust,38.734300,-77.547400,doc
http://WashingtonDC.craigslist.org/nva/app/4356050657.html,Ceiling Light,38.844800,-77.467000,nva
http://WashingtonDC.craigslist.org/doc/clo/4348921311.html,legwear from forever 21,38.902400,-76.990100,doc
http://WashingtonDC.craigslist.org/nva/app/4356043449.html,Kitchen Aid Mixer plus many attachments,0,0,nva
http://WashingtonDC.craigslist.org/nva/msg/4356048574.html,Behringer Multicom Pro MDX 4400 4ch Rack Mount Compressor,39.021401,-77.384884,nva
http://WashingtonDC.craigslist.org/nva/app/4356048528.html,GE Stainless Steel Dishwasher in working condition,38.827205,-77.632356,nva
http://WashingtonDC.craigslist.org/mld/mob/4356048431.html,iPhone 4 (At&t),0,0,mld
http://WashingtonDC.craigslist.org/nva/fuo/4356043259.html,Recliner,38.700000,-77.548300,nva
http://WashingtonDC.craigslist.org/mld/jwl/4335322215.html,Antique 14kgold pendant/brooch,38.822200,-76.947800,mld
http://WashingtonDC.craigslist.org/nva/app/4356048223.html,"*GREAT CONDITION* SONY 36"" TV",39.003900,-77.308300,nva
http://WashingtonDC.craigslist.org/nva/bfs/4356037565.html,LADDERS  FIBERGLAS & ALUMINUM  COMMERCIAL GRADE ,0,0,nva
http://WashingtonDC.craigslist.org/doc/vgm/4356047970.html,Ps4 wit kh 2 games ,38.860000,-76.974200,doc
http://WashingtonDC.craigslist.org/mld/eld/4344373209.html,Panasonic Viera 65 Inch Plasma TV TH65PZ75OU 1080p HDTV,38.887692,-76.852219,mld
http://WashingtonDC.craigslist.org/mld/syd/4344388365.html,"42""Professional-Grade Large Screen Display on a Peerless PLCT Stand",38.859627,-76.860523,mld
http://WashingtonDC.craigslist.org/nva/msg/4356047664.html,Behringer Multigate XR 1400 4ch Rack Mount Expander/Gate,39.021418,-77.384970,nva
http://WashingtonDC.craigslist.org/nva/fuo/4356035937.html,WING CHAIRS RED  MATCHING SET                                         ,0,0,nva
http://WashingtonDC.craigslist.org/nva/clo/4356047615.html,iPhone 4 case,38.897600,-77.509200,nva
http://WashingtonDC.craigslist.org/mld/sys/4344389288.html,10 Refurbished HP dc5800 Small Form Factor Desktop PC ,38.887292,-76.852069,mld
http://WashingtonDC.craigslist.org/nva/art/4356028078.html,Mirror with Brass Mask,38.832000,-77.120000,nva
http://WashingtonDC.craigslist.org/mld/eld/4336569669.html,Pachislot Wonder Review Slot Machine Lucky Chance,38.877537,-76.849194,mld
http://WashingtonDC.craigslist.org/nva/ele/4356047100.html,iPad 4th Gen 32GB Black WiFi w/ case,0,0,nva
http://WashingtonDC.craigslist.org/mld/for/4356039687.html,1995 JOHNNY LIGHTNING MUSCLE CARS 10 CAR SET (NIB) RARE,39.188000,-77.235800,mld
http://WashingtonDC.craigslist.org/mld/eld/4336531896.html,Polaroid Instant Digital Camera with Zink Zero Ink Printing POGO,38.877136,-76.850910,mld
http://WashingtonDC.craigslist.org/mld/syd/4324187423.html,IBM ThinkCentre Desktop Computer 8810 Core 2 Duo 2 with Monitor,38.877403,-76.848507,mld
http://WashingtonDC.craigslist.org/nva/bab/4338737129.html,Fisher Price Space Saver Highchair,38.877600,-77.388500,nva
http://WashingtonDC.craigslist.org/nva/app/4351066077.html,Whirlpool 40 gal elec water heater  BRAND NEW IN BOX,0,0,nva
http://WashingtonDC.craigslist.org/mld/syd/4335470910.html,"""AS IS"" Toshiba e-studio 6520C Color Copier with Print  Scan  e-file",38.879842,-76.851211,mld
http://WashingtonDC.craigslist.org/nva/bab/4338761848.html,toys for young girl,0,0,nva
http://WashingtonDC.craigslist.org/nva/bab/4338100740.html,Little Tikes Wagon/radio flyer trike/boy's bike ,38.844800,-77.467000,nva
http://WashingtonDC.craigslist.org/mld/syd/4324192887.html,Dell Optiplex 980 Mini Tower i7 340 Ghz  8GB  500Gb HD Win 8,0,0,mld
http://WashingtonDC.craigslist.org/doc/mob/4356041932.html,HTC One X,0,0,doc
http://WashingtonDC.craigslist.org/nva/mob/4356041861.html,Samsung galaxy S4,0,0,nva
http://WashingtonDC.craigslist.org/nva/sys/4345894790.html,Macbook Pro 13 Mid 2012,0,0,nva
http://WashingtonDC.craigslist.org/nva/wan/4316190723.html,WTB: MacBook Pro Retina,0,0,nva
http://WashingtonDC.craigslist.org/nva/sys/4356020955.html,Dell Optiplex 980 i5 660 3.33GHz 4GB RAM 250gb HD W 7 Professional,38.858900,-77.154800,nva
http://WashingtonDC.craigslist.org/nva/cto/4356025307.html,Junks car up to $500,38.861231,-77.196980,nva
http://WashingtonDC.craigslist.org/mld/hsh/4356041468.html,LARGE round dog bed,0,0,mld
http://WashingtonDC.craigslist.org/nva/hsh/4356041462.html,"High quality oriental rug 7'-10""x10'-10""",38.817700,-77.292500,nva
http://WashingtonDC.craigslist.org/mld/cto/4356037079.html,2000 Acura Integra 78k miles (never moded),39.114800,-77.005900,mld
http://WashingtonDC.craigslist.org/mld/bab/4356041256.html,Changing Table with Pad  Baby bed  Bottle  Rack,38.938100,-77.086000,mld
http://WashingtonDC.craigslist.org/doc/for/4356041264.html,Filing cabinet - with folders!,0,0,doc
http://WashingtonDC.craigslist.org/nva/bab/4352958732.html,Vintage Little Tikes Toy Vacuum with Dust Buster,39.098794,-77.520583,nva
http://WashingtonDC.craigslist.org/nva/ctd/4356041287.html,2013 Chrysler 300C ,38.822200,-76.947800,nva
http://WashingtonDC.craigslist.org/mld/syd/4353150998.html,HP Elitebook 8560p 15.6 4gb/500 core i5 DVDRW Webcam,38.874062,-76.845245,mld
http://WashingtonDC.craigslist.org/mld/art/4356041168.html,Framed Vincent Van Gogh 'Cafe Du Nuit' Print,39.113837,-77.219257,mld
http://WashingtonDC.craigslist.org/nva/cto/4355952688.html,01 Toyota Camry  LE   Automatic   4 door  EXTRA CLEAN **** VERY LOW MI,0,0,nva
http://WashingtonDC.craigslist.org/mld/ele/4356041087.html,Garmin Nuvi 1350 GPS,38.490548,-77.158785,mld
http://WashingtonDC.craigslist.org/nva/msg/4356041069.html,Vintage Boss CE-2 Chorus (OCT 81),38.859000,-77.099700,nva
http://WashingtonDC.craigslist.org/doc/zip/4356041059.html,3 black IKEA FNISS trash cans ,38.935761,-77.024210,doc
http://WashingtonDC.craigslist.org/mld/syd/4353157252.html,Dell Precision Tower XEON Dual Core 4GB 500GB DVD-RW Win 7 Pro WiFi,38.887409,-76.851661,mld
http://WashingtonDC.craigslist.org/mld/spo/4356040702.html,METAL STEEL SNOW SAUCER SLED ,0,0,mld
http://WashingtonDC.craigslist.org/nva/ele/4356040682.html,car stereo NAXA NCA-675,0,0,nva
http://WashingtonDC.craigslist.org/nva/pts/4356040679.html,WANTED**** 1998 1999 2000 VOLVO BLACK PASSENGER SIDE DOOR & FENDER,38.806000,-77.052900,nva
http://WashingtonDC.craigslist.org/mld/cto/4355973509.html,Gorgeous Hyundai Santa Fe 2002 $4200,39.087000,-77.168000,mld
http://WashingtonDC.craigslist.org/nva/fuo/4356040535.html,Oak Futon w/ Mattress,38.779700,-77.186600,nva
http://WashingtonDC.craigslist.org/nva/bik/4356040552.html,Bicycle,38.844800,-77.467000,nva
http://WashingtonDC.craigslist.org/mld/eld/4348495540.html,Toshiba TDP-T1 DLP Projector,38.889700,-76.892500,mld
http://WashingtonDC.craigslist.org/nva/pts/4356040376.html,Rear impala ss shocks NEW!,38.734300,-77.547400,nva
http://WashingtonDC.craigslist.org/doc/bab/4356040313.html,Medela Advanced Personal Double Electric Breastpump NEW,38.938100,-77.086000,doc
http://WashingtonDC.craigslist.org/nva/atd/4344161765.html,^^VINTAGE Solid Cherry Dovetailed 3 Drawer Chest^^,39.042000,-77.605400,nva
http://WashingtonDC.craigslist.org/doc/fuo/4345300765.html,Vintage table and chairs ,38.951800,-77.020300,doc
http://WashingtonDC.craigslist.org/mld/cto/4356027072.html,Subaru station wagon,39.352100,-76.564400,mld
http://WashingtonDC.craigslist.org/doc/spo/4351973870.html,Nike RG3 Throwback Jersey (Medium),38.951800,-77.020300,doc
http://WashingtonDC.craigslist.org/nva/fuo/4352780090.html,Vintage Writing Desk!,39.098811,-77.520454,nva
http://WashingtonDC.craigslist.org/nva/ele/4356026896.html,Kimchi Fridge (Dimchae),38.817700,-77.292500,nva
http://WashingtonDC.craigslist.org/nva/cto/4356026882.html,1999 Mercury Sable GS,0,0,nva
http://WashingtonDC.craigslist.org/nva/ele/4356026847.html,Parrot Zik Bluetooth Headphones (Excellent Condition),0,0,nva
http://WashingtonDC.craigslist.org/nva/ele/4355991144.html,Brand New iPod Touch 5th gen 64gb White,0,0,nva
http://WashingtonDC.craigslist.org/doc/fuo/4356026709.html,Antique Female Bust,38.896400,-77.044700,doc
http://WashingtonDC.craigslist.org/mld/fod/4330560538.html,CUSTOM IMPRINTED T SHIRTS  PENS  MAGNETS  DRINKWARE YOUR LOGO/MESSAGE,38.974357,-76.495743,mld
http://WashingtonDC.craigslist.org/doc/fuo/4339520257.html,I'm looking for old furniture  any condition,38.951800,-77.020300,doc
http://WashingtonDC.craigslist.org/nva/fuo/4356021109.html,MOVING BLANKETS COMMERCIAL QUALITY  & EQUIPMENT,0,0,nva
http://WashingtonDC.craigslist.org/doc/fuo/4342866823.html,Vintage dresser,38.951800,-77.020300,doc
http://WashingtonDC.craigslist.org/nva/ele/4356026326.html,BOSE CineMate Series II 2.1 Channel Digital Home Theater ,0,0,nva
http://WashingtonDC.craigslist.org/doc/spo/4332040592.html,RG3 Jersey   Nike throwback,38.951800,-77.020300,doc
http://WashingtonDC.craigslist.org/nva/ele/4356026196.html,Vizio VW37L-LCD HDTV Television,0,0,nva
http://WashingtonDC.craigslist.org/nva/fuo/4356004152.html,GLASS DINING ROOM SET SEATS 6 CLEAR GLASS BASE AND TABLE  ,0,0,nva
http://WashingtonDC.craigslist.org/mld/for/4356011998.html,DANBURY MINT ED (BIG DADDY) ROTH  KING OF THE HEMI'S (MINT),39.188000,-77.235800,mld
http://WashingtonDC.craigslist.org/doc/cto/4332050058.html,2003 Volkswagen Passat (52 000 original miles!) ,0,0,doc
http://WashingtonDC.craigslist.org/nva/cto/4342514246.html,2003 Mercedes ML350 All Wheel Drive with low miles!,38.779700,-77.186600,nva
http://WashingtonDC.craigslist.org/doc/wan/4332037944.html,I want old furniture  will buy,38.951800,-77.020300,doc
http://WashingtonDC.craigslist.org/doc/mod/4346323808.html,Iphone 4/4S Otterbox Case $16.99 ,47.232500,-122.359400,doc
http://WashingtonDC.craigslist.org/nva/spo/4356025975.html,Hart Skiis w/Tyrolia Bindings,0,0,nva
http://WashingtonDC.craigslist.org/mld/wad/4313764416.html,BUYING MEN'S MAGAZINES ADULT MATERIAL,0,0,mld
http://WashingtonDC.craigslist.org/doc/vgm/4356025933.html,Dell Inspiron 1545 Laptop keyboard,38.906700,-77.031200,doc
http://WashingtonDC.craigslist.org/doc/fuo/4332038751.html,Beautiful antique bed frame (full size),38.951800,-77.020300,doc
http://WashingtonDC.craigslist.org/doc/clt/4330558146.html,900+ manga trade paperbacks in mandarin chinese  comic books,38.952400,-76.491000,doc
http://WashingtonDC.craigslist.org/doc/fuo/4332050934.html,Victorian full size bed,38.951800,-77.020300,doc
http://WashingtonDC.craigslist.org/mld/for/4356028044.html,ROCK SALT 22 TONS PER TRUCK,39.075577,-76.960816,mld
http://WashingtonDC.craigslist.org/mld/clo/4356028028.html,AIR JORDAN 5 RETRO WHT/FIRE RED/BLK - 10.5,0,0,mld
http://WashingtonDC.craigslist.org/doc/snd/4356027945.html,2013 Suzuki KingQuad 400FSi  Flame Red ,0,0,doc
http://WashingtonDC.craigslist.org/nva/bab/4356027892.html,BABY  CRIB  AND  MATRESS,38.815232,-77.211346,nva
http://WashingtonDC.craigslist.org/doc/bfs/4356027880.html,"28""x20"" steam table propane used ",0,0,doc
http://WashingtonDC.craigslist.org/doc/hsh/4356027825.html,Crate&Barrel Rolling Garment Rack,0,0,doc
http://WashingtonDC.craigslist.org/doc/wan/4356027721.html,Would like a bib for Nike Women's 1/2 Marathon,38.906700,-77.031200,doc
http://WashingtonDC.craigslist.org/mld/spo/4347444827.html,Nordica NX 6.8 Syntech ski Boots Size 26.0,39.087000,-77.168000,mld
http://WashingtonDC.craigslist.org/nva/for/4349060390.html,WORLD'S GREATEST RODNEY DANGERFIELD IMPERSONATOR,38.777640,-76.816406,nva
http://WashingtonDC.craigslist.org/doc/clo/4356027630.html,Brand New - Michael Kors Jet Set Travel Tote,38.932700,-77.032200,doc
http://WashingtonDC.craigslist.org/nva/bab/4352910978.html, Medela Breast Pump (retail over $300) - ,38.931800,-77.352700,nva
http://WashingtonDC.craigslist.org/mld/bab/4347445182.html,Baby/kids/infant stuff ,39.087000,-77.168000,mld
http://WashingtonDC.craigslist.org/nva/atd/4329354439.html,##ARTS AND CRAFTS Oak Pedestal or Fern Stand##,39.042000,-77.605400,nva
http://WashingtonDC.craigslist.org/mld/bab/4332422849.html,Medela Pumping / nursing / breastfeeding accessories,39.087000,-77.168000,mld
http://WashingtonDC.craigslist.org/nva/art/4356021940.html,Luba Mask,38.832000,-77.120000,nva
http://WashingtonDC.craigslist.org/mld/cto/4356027374.html,2005 chevy uplander low miles ,0,0,mld
http://WashingtonDC.craigslist.org/doc/bar/4337854087.html,Beer Tap Handles,0,0,doc
http://WashingtonDC.craigslist.org/nva/spo/4356027348.html,Rossignol Cross Country skiis New,0,0,nva
http://WashingtonDC.craigslist.org/doc/clt/4356027350.html,Louis Vuitton ,38.936300,-77.059900,doc
http://WashingtonDC.craigslist.org/nva/atd/4344161765.html,^^VINTAGE Solid Cherry Dovetailed 3 Drawer Chest^^,39.042000,-77.605400,nva
http://WashingtonDC.craigslist.org/doc/fuo/4345300765.html,Vintage table and chairs ,38.951800,-77.020300,doc
http://WashingtonDC.craigslist.org/mld/cto/4356027072.html,Subaru station wagon,39.352100,-76.564400,mld
http://WashingtonDC.craigslist.org/doc/spo/4351973870.html,Nike RG3 Throwback Jersey (Medium),38.951800,-77.020300,doc
http://WashingtonDC.craigslist.org/nva/fuo/4352780090.html,Vintage Writing Desk!,39.098811,-77.520454,nva
http://WashingtonDC.craigslist.org/nva/ele/4356026896.html,Kimchi Fridge (Dimchae),38.817700,-77.292500,nva
http://WashingtonDC.craigslist.org/nva/cto/4356026882.html,1999 Mercury Sable GS,0,0,nva
http://WashingtonDC.craigslist.org/nva/ele/4356026847.html,Parrot Zik Bluetooth Headphones (Excellent Condition),0,0,nva
http://WashingtonDC.craigslist.org/nva/ele/4355991144.html,Brand New iPod Touch 5th gen 64gb White,0,0,nva
http://WashingtonDC.craigslist.org/doc/fuo/4356026709.html,Antique Female Bust,38.896400,-77.044700,doc
http://WashingtonDC.craigslist.org/nva/ele/4356026896.html,Kimchi Fridge (Dimchae),38.817700,-77.292500,nva
http://WashingtonDC.craigslist.org/nva/cto/4356026882.html,1999 Mercury Sable GS,0,0,nva
http://WashingtonDC.craigslist.org/nva/ele/4356026847.html,Parrot Zik Bluetooth Headphones (Excellent Condition),0,0,nva
http://WashingtonDC.craigslist.org/nva/ele/4355991144.html,Brand New iPod Touch 5th gen 64gb White,0,0,nva
http://WashingtonDC.craigslist.org/doc/fuo/4356026709.html,Antique Female Bust,38.896400,-77.044700,doc
http://WashingtonDC.craigslist.org/mld/fod/4330560538.html,CUSTOM IMPRINTED T SHIRTS  PENS  MAGNETS  DRINKWARE YOUR LOGO/MESSAGE,38.974357,-76.495743,mld
http://WashingtonDC.craigslist.org/doc/fuo/4339520257.html,I'm looking for old furniture  any condition,38.951800,-77.020300,doc
http://WashingtonDC.craigslist.org/nva/fuo/4356021109.html,MOVING BLANKETS COMMERCIAL QUALITY  & EQUIPMENT,0,0,nva
http://WashingtonDC.craigslist.org/doc/fuo/4342866823.html,Vintage dresser,38.951800,-77.020300,doc
http://WashingtonDC.craigslist.org/nva/ele/4356026326.html,BOSE CineMate Series II 2.1 Channel Digital Home Theater ,0,0,nva
http://WashingtonDC.craigslist.org/doc/spo/4332040592.html,RG3 Jersey   Nike throwback,38.951800,-77.020300,doc
http://WashingtonDC.craigslist.org/nva/ele/4356026196.html,Vizio VW37L-LCD HDTV Television,0,0,nva
http://WashingtonDC.craigslist.org/nva/fuo/4356004152.html,GLASS DINING ROOM SET SEATS 6 CLEAR GLASS BASE AND TABLE  ,0,0,nva
http://WashingtonDC.craigslist.org/mld/for/4356011998.html,DANBURY MINT ED (BIG DADDY) ROTH  KING OF THE HEMI'S (MINT),39.188000,-77.235800,mld
http://WashingtonDC.craigslist.org/doc/cto/4332050058.html,2003 Volkswagen Passat (52 000 original miles!) ,0,0,doc
http://WashingtonDC.craigslist.org/nva/cto/4342514246.html,2003 Mercedes ML350 All Wheel Drive with low miles!,38.779700,-77.186600,nva
http://WashingtonDC.craigslist.org/doc/wan/4332037944.html,I want old furniture  will buy,38.951800,-77.020300,doc
http://WashingtonDC.craigslist.org/doc/mod/4346323808.html,Iphone 4/4S Otterbox Case $16.99 ,47.232500,-122.359400,doc
http://WashingtonDC.craigslist.org/nva/spo/4356025975.html,Hart Skiis w/Tyrolia Bindings,0,0,nva
http://WashingtonDC.craigslist.org/mld/wad/4313764416.html,BUYING MEN'S MAGAZINES ADULT MATERIAL,0,0,mld
http://WashingtonDC.craigslist.org/doc/vgm/4356025933.html,Dell Inspiron 1545 Laptop keyboard,38.906700,-77.031200,doc
http://WashingtonDC.craigslist.org/doc/fuo/4332038751.html,Beautiful antique bed frame (full size),38.951800,-77.020300,doc
http://WashingtonDC.craigslist.org/doc/clt/4330558146.html,900+ manga trade paperbacks in mandarin chinese  comic books,38.952400,-76.491000,doc
http://WashingtonDC.craigslist.org/doc/fuo/4332050934.html,Victorian full size bed,38.951800,-77.020300,doc
http://WashingtonDC.craigslist.org/nva/art/4356025770.html,Nimba Mask,38.832000,-77.120000,nva
http://WashingtonDC.craigslist.org/doc/fuo/4332036855.html,Vintage kitchen table set,38.951800,-77.020300,doc
http://WashingtonDC.craigslist.org/mld/cto/4356019156.html,honda civic 95 ,0,0,mld
http://WashingtonDC.craigslist.org/nva/fuo/4356025604.html,Sofa & loveseat,38.696497,-77.232556,nva
http://WashingtonDC.craigslist.org/nva/tag/4356025571.html,37 WWF 1980's Rubber WRESTLERS & Collectors Case,38.778978,-77.233286,nva
http://WashingtonDC.craigslist.org/doc/wan/4331464538.html,Will buy your old furniture,38.951800,-77.020300,doc
